port_code,cargo_type,handling_rate_per_h,unit,fixed_berthing_h,fixed_departure_h
INMUN,DRY_BULK_COAL,1595.0,MT,2.5,1.8
INMUN,DRY_BULK_GRAIN,1078.0,MT,2.5,1.8
INMUN,DRY_BULK_ORE,1925.0,MT,2.5,1.8
INMUN,CLEAN_PETRO,2090.0,MT,2.5,1.8
INMUN,CRUDE,4620.0,MT,2.5,1.8
INMUN,CONTAINER,79.2,TEU,2.5,1.8
INKAN,DRY_BULK_COAL,1131.0,MT,4.0,1.8
INKAN,DRY_BULK_GRAIN,764.4,MT,4.0,1.8
INKAN,DRY_BULK_ORE,1365.0,MT,4.0,1.8
INKAN,CLEAN_PETRO,1482.0,MT,4.0,1.8
INKAN,CRUDE,3276.0,MT,4.0,1.8
INNSA,DRY_BULK_COAL,1522.5,MT,4.0,1.8
INNSA,DRY_BULK_GRAIN,1029.0,MT,4.0,1.8
INNSA,DRY_BULK_ORE,1837.5,MT,4.0,1.8
INNSA,CLEAN_PETRO,1995.0,MT,4.0,1.8
INNSA,CRUDE,4410.0,MT,4.0,1.8
INNSA,CONTAINER,75.6,TEU,4.0,1.8
INCOK,DRY_BULK_COAL,1276.0,MT,2.5,1.8
INCOK,DRY_BULK_GRAIN,862.4,MT,2.5,1.8
INCOK,DRY_BULK_ORE,1540.0,MT,2.5,1.8
INCOK,CLEAN_PETRO,1672.0,MT,2.5,1.8
INCOK,CRUDE,3696.0,MT,2.5,1.8
INCOK,CONTAINER,63.4,TEU,2.5,1.8
INTUT,DRY_BULK_COAL,1232.5,MT,2.5,1.8
INTUT,DRY_BULK_GRAIN,833.0,MT,2.5,1.8
INTUT,DRY_BULK_ORE,1487.5,MT,2.5,1.8
INTUT,CLEAN_PETRO,1615.0,MT,2.5,1.8
INTUT,CRUDE,3570.0,MT,2.5,1.8
INTUT,CONTAINER,61.2,TEU,2.5,1.8
INMAA,DRY_BULK_COAL,1421.0,MT,2.5,1.8
INMAA,DRY_BULK_GRAIN,960.4,MT,2.5,1.8
INMAA,DRY_BULK_ORE,1715.0,MT,2.5,1.8
INMAA,CLEAN_PETRO,1862.0,MT,2.5,1.8
INMAA,CRUDE,4116.0,MT,2.5,1.8
INMAA,CONTAINER,70.6,TEU,2.5,1.8
INKRI,DRY_BULK_COAL,1522.5,MT,2.5,1.8
INKRI,DRY_BULK_GRAIN,1029.0,MT,2.5,1.8
INKRI,DRY_BULK_ORE,1837.5,MT,2.5,1.8
INKRI,CLEAN_PETRO,1995.0,MT,2.5,1.8
INKRI,CRUDE,4410.0,MT,2.5,1.8
INKRI,CONTAINER,75.6,TEU,2.5,1.8
INVTZ,DRY_BULK_COAL,1334.0,MT,2.5,1.8
INVTZ,DRY_BULK_GRAIN,901.6,MT,2.5,1.8
INVTZ,DRY_BULK_ORE,1610.0,MT,2.5,1.8
INVTZ,CLEAN_PETRO,1748.0,MT,2.5,1.8
INVTZ,CRUDE,3864.0,MT,2.5,1.8
INVTZ,CONTAINER,66.2,TEU,2.5,1.8
INPRT,DRY_BULK_COAL,1479.0,MT,2.5,1.8
INPRT,DRY_BULK_GRAIN,999.6,MT,2.5,1.8
INPRT,DRY_BULK_ORE,1785.0,MT,2.5,1.8
INPRT,CLEAN_PETRO,1938.0,MT,2.5,1.8
INPRT,CRUDE,4284.0,MT,2.5,1.8
INPRT,CONTAINER,73.4,TEU,2.5,1.8
INHAL,DRY_BULK_COAL,986.0,MT,4.0,1.8
INHAL,DRY_BULK_GRAIN,666.4,MT,4.0,1.8
INHAL,DRY_BULK_ORE,1190.0,MT,4.0,1.8
LKCMB,DRY_BULK_COAL,1624.0,MT,2.5,1.8
LKCMB,DRY_BULK_GRAIN,1097.6,MT,2.5,1.8
LKCMB,DRY_BULK_ORE,1960.0,MT,2.5,1.8
LKCMB,CLEAN_PETRO,2128.0,MT,2.5,1.8
LKCMB,CRUDE,4704.0,MT,2.5,1.8
LKCMB,CONTAINER,80.6,TEU,2.5,1.8
SGSIN,DRY_BULK_COAL,1957.5,MT,2.5,1.8
SGSIN,DRY_BULK_GRAIN,1323.0,MT,2.5,1.8
SGSIN,DRY_BULK_ORE,2362.5,MT,2.5,1.8
SGSIN,CLEAN_PETRO,2565.0,MT,2.5,1.8
SGSIN,CRUDE,5670.0,MT,2.5,1.8
SGSIN,CONTAINER,97.2,TEU,2.5,1.8
AEJEA,DRY_BULK_COAL,1812.5,MT,2.5,1.8
AEJEA,DRY_BULK_GRAIN,1225.0,MT,2.5,1.8
AEJEA,DRY_BULK_ORE,2187.5,MT,2.5,1.8
AEJEA,CLEAN_PETRO,2375.0,MT,2.5,1.8
AEJEA,CRUDE,5250.0,MT,2.5,1.8
AEJEA,CONTAINER,90.0,TEU,2.5,1.8
OMSOH,DRY_BULK_COAL,1450.0,MT,2.5,1.8
OMSOH,DRY_BULK_GRAIN,980.0,MT,2.5,1.8
OMSOH,DRY_BULK_ORE,1750.0,MT,2.5,1.8
OMSOH,CLEAN_PETRO,1900.0,MT,2.5,1.8
OMSOH,CRUDE,4200.0,MT,2.5,1.8
EGPSD,DRY_BULK_COAL,1305.0,MT,2.5,1.8
EGPSD,DRY_BULK_GRAIN,882.0,MT,2.5,1.8
EGPSD,DRY_BULK_ORE,1575.0,MT,2.5,1.8
EGPSD,CLEAN_PETRO,1710.0,MT,2.5,1.8
EGPSD,CRUDE,3780.0,MT,2.5,1.8
EGPSD,CONTAINER,64.8,TEU,2.5,1.8
ITGOA,DRY_BULK_COAL,1377.5,MT,2.5,1.8
ITGOA,DRY_BULK_GRAIN,931.0,MT,2.5,1.8
ITGOA,DRY_BULK_ORE,1662.5,MT,2.5,1.8
ITGOA,CLEAN_PETRO,1805.0,MT,2.5,1.8
ITGOA,CRUDE,3990.0,MT,2.5,1.8
ITGOA,CONTAINER,68.4,TEU,2.5,1.8
ESALG,DRY_BULK_COAL,1667.5,MT,2.5,1.8
ESALG,DRY_BULK_GRAIN,1127.0,MT,2.5,1.8
ESALG,DRY_BULK_ORE,2012.5,MT,2.5,1.8
ESALG,CLEAN_PETRO,2185.0,MT,2.5,1.8
ESALG,CRUDE,4830.0,MT,2.5,1.8
ESALG,CONTAINER,82.8,TEU,2.5,1.8
NLRTM,DRY_BULK_COAL,1885.0,MT,2.5,1.8
NLRTM,DRY_BULK_GRAIN,1274.0,MT,2.5,1.8
NLRTM,DRY_BULK_ORE,2275.0,MT,2.5,1.8
NLRTM,CLEAN_PETRO,2470.0,MT,2.5,1.8
NLRTM,CRUDE,5460.0,MT,2.5,1.8
NLRTM,CONTAINER,93.6,TEU,2.5,1.8
CNSHA,DRY_BULK_COAL,1856.0,MT,2.5,1.8
CNSHA,DRY_BULK_GRAIN,1254.4,MT,2.5,1.8
CNSHA,DRY_BULK_ORE,2240.0,MT,2.5,1.8
CNSHA,CLEAN_PETRO,2432.0,MT,2.5,1.8
CNSHA,CRUDE,5376.0,MT,2.5,1.8
CNSHA,CONTAINER,92.2,TEU,2.5,1.8
