scenario,sea_area,date,wind_kn,wave_hs_m,current_kn,storm_flag,resistance_multiplier
BASE,ARABIAN_SEA,2026-09-15,12.3,3.0,0.32,0,1.2979
BASE,ARABIAN_SEA,2026-09-16,17.4,3.15,0.36,0,1.3317
BASE,ARABIAN_SEA,2026-09-17,17.4,2.12,0.3,0,1.1944
BASE,ARABIAN_SEA,2026-09-18,12.8,2.2,0.95,0,1.1925
BASE,ARABIAN_SEA,2026-09-19,15.7,2.75,-0.19,0,1.2709
BASE,ARABIAN_SEA,2026-09-20,13.4,1.19,-0.27,0,1.0861
BASE,ARABIAN_SEA,2026-09-21,14.8,2.27,-1.36,0,1.206
BASE,ARABIAN_SEA,2026-09-22,2.0,1.15,-0.47,0,1.0679
BASE,ARABIAN_SEA,2026-09-23,11.1,1.49,-0.19,0,1.1103
BASE,ARABIAN_SEA,2026-09-24,5.4,2.82,0.24,0,1.2622
BASE,ARABIAN_SEA,2026-09-25,16.5,1.67,0.54,0,1.1406
BASE,ARABIAN_SEA,2026-09-26,12.2,1.8,0.32,0,1.1445
BASE,ARABIAN_SEA,2026-09-27,5.4,2.91,0.98,0,1.2753
BASE,ARABIAN_SEA,2026-09-28,31.3,1.8,0.17,0,1.2109
BASE,ARABIAN_SEA,2026-09-29,10.0,3.16,-0.75,0,1.3165
BASE,ARABIAN_SEA,2026-09-30,3.9,2.35,0.01,0,1.1993
BASE,ARABIAN_SEA,2026-10-01,12.4,2.28,1.0,0,1.2018
BASE,ARABIAN_SEA,2026-10-02,12.8,1.1,-0.07,0,1.0763
BASE,ARABIAN_SEA,2026-10-03,11.3,2.18,-1.13,0,1.1875
BASE,ARABIAN_SEA,2026-10-04,20.9,2.17,0.31,0,1.2107
BASE,ARABIAN_SEA,2026-10-05,16.0,2.13,-0.69,0,1.1915
BASE,ARABIAN_SEA,2026-10-06,17.1,1.09,-0.03,0,1.0862
BASE,ARABIAN_SEA,2026-10-07,18.2,2.55,-1.07,0,1.2507
BASE,ARABIAN_SEA,2026-10-08,20.4,0.64,1.27,0,1.0616
BASE,ARABIAN_SEA,2026-10-09,17.3,2.45,0.78,0,1.2345
BASE,ARABIAN_SEA,2026-10-10,9.9,2.23,-0.14,0,1.1911
BASE,ARABIAN_SEA,2026-10-11,10.9,1.88,-0.17,0,1.1516
BASE,ARABIAN_SEA,2026-10-12,22.0,1.02,0.54,0,1.0955
BASE,ARABIAN_SEA,2026-10-13,13.6,1.47,0.61,0,1.1133
BASE,ARABIAN_SEA,2026-10-14,21.1,1.46,0.46,0,1.1328
BASE,ARABIAN_SEA,2026-10-15,10.2,1.98,0.83,0,1.1614
BASE,ARABIAN_SEA,2026-10-16,15.3,2.05,-0.72,0,1.1805
BASE,ARABIAN_SEA,2026-10-17,10.8,3.43,-0.05,0,1.3583
BASE,ARABIAN_SEA,2026-10-18,26.4,1.33,0.05,0,1.1403
BASE,ARABIAN_SEA,2026-10-19,9.4,1.65,0.34,0,1.1233
BASE,ARABIAN_SEA,2026-10-20,24.3,2.32,-0.3,0,1.2419
BASE,ARABIAN_SEA,2026-10-21,15.2,1.08,0.23,0,1.0804
BASE,ARABIAN_SEA,2026-10-22,17.6,1.3,-1.2,0,1.1065
BASE,ARABIAN_SEA,2026-10-23,15.3,2.65,-0.56,0,1.2557
BASE,ARABIAN_SEA,2026-10-24,12.2,1.4,0.76,0,1.1033
BASE,ARABIAN_SEA,2026-10-25,15.2,1.63,1.22,0,1.1332
BASE,ARABIAN_SEA,2026-10-26,8.5,3.25,0.25,0,1.3275
BASE,ARABIAN_SEA,2026-10-27,19.5,2.25,0.01,0,1.216
BASE,ARABIAN_SEA,2026-10-28,15.3,3.42,0.65,0,1.366
BASE,ARABIAN_SEA,2026-10-29,17.3,1.53,0.44,0,1.128
BASE,ARABIAN_SEA,2026-10-30,16.6,2.46,-0.12,0,1.2342
BASE,ARABIAN_SEA,2026-10-31,20.2,2.07,-0.27,0,1.1961
BASE,ARABIAN_SEA,2026-11-01,15.4,2.05,-0.25,0,1.18
BASE,ARABIAN_SEA,2026-11-02,19.9,2.35,0.59,0,1.23
BASE,ARABIAN_SEA,2026-11-03,16.9,1.84,0.69,0,1.1601
BASE,ARABIAN_SEA,2026-11-04,22.1,1.69,-0.27,0,1.1599
BASE,ARABIAN_SEA,2026-11-05,12.8,2.03,-0.47,0,1.1725
BASE,ARABIAN_SEA,2026-11-06,14.9,2.65,-0.29,0,1.2551
BASE,ARABIAN_SEA,2026-11-07,20.7,3.43,0.66,0,1.3837
BASE,ARABIAN_SEA,2026-11-08,19.7,1.39,0.47,0,1.1212
BASE,ARABIAN_SEA,2026-11-09,21.3,2.67,-0.17,0,1.2763
BASE,ARABIAN_SEA,2026-11-10,15.7,2.94,-0.27,0,1.2969
BASE,ARABIAN_SEA,2026-11-11,7.2,1.01,-0.26,0,1.0601
BASE,ARABIAN_SEA,2026-11-12,24.4,2.9,-0.25,0,1.3188
BASE,ARABIAN_SEA,2026-11-13,9.7,1.01,0.1,0,1.0633
BASE,BAY_OF_BENGAL,2026-09-15,26.5,1.21,-0.77,0,1.1294
BASE,BAY_OF_BENGAL,2026-09-16,17.2,2.17,-0.42,0,1.1995
BASE,BAY_OF_BENGAL,2026-09-17,30.6,2.9,-0.77,0,1.3467
BASE,BAY_OF_BENGAL,2026-09-18,14.8,3.59,-0.19,0,1.3919
BASE,BAY_OF_BENGAL,2026-09-19,23.1,3.09,0.08,0,1.3409
BASE,BAY_OF_BENGAL,2026-09-20,17.5,2.03,0.37,0,1.1839
BASE,BAY_OF_BENGAL,2026-09-21,25.9,2.13,0.42,0,1.2242
BASE,BAY_OF_BENGAL,2026-09-22,53.5,5.97,0.12,1,1.65
BASE,BAY_OF_BENGAL,2026-09-23,16.0,2.5,-0.53,0,1.2377
BASE,BAY_OF_BENGAL,2026-09-24,31.8,1.93,1.3,0,1.2288
BASE,BAY_OF_BENGAL,2026-09-25,16.8,2.9,-0.21,0,1.2944
BASE,BAY_OF_BENGAL,2026-09-26,4.3,2.45,-0.14,0,1.213
BASE,BAY_OF_BENGAL,2026-09-27,19.2,3.05,-0.21,0,1.3219
BASE,BAY_OF_BENGAL,2026-09-28,55.5,8.16,0.09,1,1.65
BASE,BAY_OF_BENGAL,2026-09-29,20.1,1.77,-0.11,0,1.1616
BASE,BAY_OF_BENGAL,2026-09-30,17.4,2.0,0.5,0,1.1794
BASE,BAY_OF_BENGAL,2026-10-01,16.5,1.19,0.33,0,1.0936
BASE,BAY_OF_BENGAL,2026-10-02,22.4,2.0,0.11,0,1.196
BASE,BAY_OF_BENGAL,2026-10-03,17.3,2.28,-0.2,0,1.2134
BASE,BAY_OF_BENGAL,2026-10-04,13.0,2.77,0.4,0,1.2668
BASE,BAY_OF_BENGAL,2026-10-05,12.7,1.18,-0.36,0,1.0837
BASE,BAY_OF_BENGAL,2026-10-06,14.8,2.73,0.74,0,1.2652
BASE,BAY_OF_BENGAL,2026-10-07,23.2,2.36,-0.43,0,1.2419
BASE,BAY_OF_BENGAL,2026-10-08,27.3,4.23,-0.29,0,1.5379
BASE,BAY_OF_BENGAL,2026-10-09,23.6,3.28,-0.51,0,1.3708
BASE,BAY_OF_BENGAL,2026-10-10,24.2,2.25,0.39,0,1.2323
BASE,BAY_OF_BENGAL,2026-10-11,26.5,2.1,-0.72,0,1.2238
BASE,BAY_OF_BENGAL,2026-10-12,25.0,2.65,-0.46,0,1.2866
BASE,BAY_OF_BENGAL,2026-10-13,17.6,1.17,0.32,0,1.0945
BASE,BAY_OF_BENGAL,2026-10-14,19.5,4.58,0.54,0,1.5696
BASE,BAY_OF_BENGAL,2026-10-15,22.2,3.52,0.43,0,1.403
BASE,BAY_OF_BENGAL,2026-10-16,27.8,2.83,0.2,0,1.324
BASE,BAY_OF_BENGAL,2026-10-17,19.3,3.55,-0.05,0,1.398
BASE,BAY_OF_BENGAL,2026-10-18,25.9,2.59,-0.13,0,1.2835
BASE,BAY_OF_BENGAL,2026-10-19,25.4,2.61,-0.83,0,1.2832
BASE,BAY_OF_BENGAL,2026-10-20,22.4,2.33,0.82,0,1.2363
BASE,BAY_OF_BENGAL,2026-10-21,20.2,2.04,-0.16,0,1.1924
BASE,BAY_OF_BENGAL,2026-10-22,29.8,1.03,0.28,0,1.1285
BASE,BAY_OF_BENGAL,2026-10-23,8.1,0.7,-0.63,0,1.0373
BASE,BAY_OF_BENGAL,2026-10-24,17.6,2.03,0.44,0,1.1835
BASE,BAY_OF_BENGAL,2026-10-25,28.3,1.46,-0.84,0,1.1616
BASE,BAY_OF_BENGAL,2026-10-26,16.1,2.52,0.76,0,1.2411
BASE,BAY_OF_BENGAL,2026-10-27,27.2,3.04,-0.23,0,1.3505
BASE,BAY_OF_BENGAL,2026-10-28,7.0,1.66,-0.53,0,1.1218
BASE,BAY_OF_BENGAL,2026-10-29,27.6,4.57,1.73,0,1.5982
BASE,BAY_OF_BENGAL,2026-10-30,25.0,1.28,0.16,0,1.1296
BASE,BAY_OF_BENGAL,2026-10-31,23.8,3.32,-0.62,0,1.3779
BASE,BAY_OF_BENGAL,2026-11-01,26.0,1.29,0.58,0,1.1349
BASE,BAY_OF_BENGAL,2026-11-02,32.2,2.12,0.36,0,1.2521
BASE,BAY_OF_BENGAL,2026-11-03,31.6,1.69,0.61,0,1.2012
BASE,BAY_OF_BENGAL,2026-11-04,24.5,3.46,-0.71,0,1.4024
BASE,BAY_OF_BENGAL,2026-11-05,42.5,2.7,0.21,0,1.3883
BASE,BAY_OF_BENGAL,2026-11-06,17.3,1.96,-0.49,0,1.175
BASE,BAY_OF_BENGAL,2026-11-07,10.7,2.23,0.53,0,1.1927
BASE,BAY_OF_BENGAL,2026-11-08,22.4,1.67,-0.48,0,1.1587
BASE,BAY_OF_BENGAL,2026-11-09,30.2,1.52,0.8,0,1.176
BASE,BAY_OF_BENGAL,2026-11-10,23.4,1.82,-0.06,0,1.179
BASE,BAY_OF_BENGAL,2026-11-11,28.8,3.64,0.41,0,1.4478
BASE,BAY_OF_BENGAL,2026-11-12,16.9,2.81,-0.19,0,1.2822
BASE,BAY_OF_BENGAL,2026-11-13,21.7,4.49,-0.08,0,1.5617
BASE,INDIAN_OCEAN,2026-09-15,18.6,1.96,0.4,0,1.1789
BASE,INDIAN_OCEAN,2026-09-16,14.5,2.45,-0.22,0,1.2281
BASE,INDIAN_OCEAN,2026-09-17,13.6,1.75,0.45,0,1.1421
BASE,INDIAN_OCEAN,2026-09-18,14.0,1.18,-1.31,0,1.0865
BASE,INDIAN_OCEAN,2026-09-19,16.0,1.75,-0.58,0,1.1479
BASE,INDIAN_OCEAN,2026-09-20,11.1,1.46,-0.37,0,1.1072
BASE,INDIAN_OCEAN,2026-09-21,17.5,2.08,0.04,0,1.1893
BASE,INDIAN_OCEAN,2026-09-22,15.2,0.25,-0.37,0,1.0254
BASE,INDIAN_OCEAN,2026-09-23,19.0,1.2,0.0,0,1.1014
BASE,INDIAN_OCEAN,2026-09-24,21.2,1.98,0.2,0,1.1891
BASE,INDIAN_OCEAN,2026-09-25,18.1,2.11,-0.35,0,1.1943
BASE,INDIAN_OCEAN,2026-09-26,10.1,2.57,0.05,0,1.2354
BASE,INDIAN_OCEAN,2026-09-27,18.6,1.0,-0.18,0,1.0829
BASE,INDIAN_OCEAN,2026-09-28,13.9,1.99,-0.36,0,1.1702
BASE,INDIAN_OCEAN,2026-09-29,19.9,1.77,0.73,0,1.1618
BASE,INDIAN_OCEAN,2026-09-30,16.0,2.4,-0.94,0,1.2248
BASE,INDIAN_OCEAN,2026-10-01,11.5,2.42,-0.44,0,1.2178
BASE,INDIAN_OCEAN,2026-10-02,12.0,1.87,-0.23,0,1.1528
BASE,INDIAN_OCEAN,2026-10-03,5.7,2.0,0.61,0,1.1576
BASE,INDIAN_OCEAN,2026-10-04,13.2,1.68,0.41,0,1.1343
BASE,INDIAN_OCEAN,2026-10-05,8.1,1.68,-0.3,0,1.1247
BASE,INDIAN_OCEAN,2026-10-06,10.8,1.79,0.86,0,1.1411
BASE,INDIAN_OCEAN,2026-10-07,16.7,1.27,0.09,0,1.1012
BASE,INDIAN_OCEAN,2026-10-08,12.3,1.47,-0.31,0,1.1098
BASE,INDIAN_OCEAN,2026-10-09,18.7,1.41,-0.63,0,1.1201
BASE,INDIAN_OCEAN,2026-10-10,9.5,1.39,-0.54,0,1.0971
BASE,INDIAN_OCEAN,2026-10-11,15.0,1.67,0.08,0,1.1366
BASE,INDIAN_OCEAN,2026-10-12,18.2,1.74,-0.19,0,1.1523
BASE,INDIAN_OCEAN,2026-10-13,18.3,1.18,0.22,0,1.0974
BASE,INDIAN_OCEAN,2026-10-14,14.4,1.82,-0.17,0,1.152
BASE,INDIAN_OCEAN,2026-10-15,25.6,1.62,0.04,0,1.1658
BASE,INDIAN_OCEAN,2026-10-16,22.0,1.74,-0.47,0,1.1645
BASE,INDIAN_OCEAN,2026-10-17,7.5,1.68,-0.59,0,1.1237
BASE,INDIAN_OCEAN,2026-10-18,10.4,2.49,1.26,0,1.2251
BASE,INDIAN_OCEAN,2026-10-19,21.2,2.03,-0.42,0,1.1949
BASE,INDIAN_OCEAN,2026-10-20,7.0,1.44,-0.2,0,1.0987
BASE,INDIAN_OCEAN,2026-10-21,14.2,0.93,0.11,0,1.0658
BASE,INDIAN_OCEAN,2026-10-22,17.3,2.39,0.79,0,1.2279
BASE,INDIAN_OCEAN,2026-10-23,24.9,3.72,-0.2,1,1.4434
BASE,INDIAN_OCEAN,2026-10-24,21.8,2.03,-0.56,0,1.1968
BASE,INDIAN_OCEAN,2026-10-25,8.4,1.73,0.02,0,1.1305
BASE,INDIAN_OCEAN,2026-10-26,14.0,2.63,-0.67,0,1.2508
BASE,INDIAN_OCEAN,2026-10-27,12.7,1.32,0.08,0,1.0965
BASE,INDIAN_OCEAN,2026-10-28,11.2,1.86,-0.56,0,1.1498
BASE,INDIAN_OCEAN,2026-10-29,13.9,2.3,0.27,0,1.2072
BASE,INDIAN_OCEAN,2026-10-30,10.1,2.86,-0.5,0,1.2746
BASE,INDIAN_OCEAN,2026-10-31,14.3,1.68,-0.74,0,1.1364
BASE,INDIAN_OCEAN,2026-11-01,16.6,1.3,0.97,0,1.104
BASE,INDIAN_OCEAN,2026-11-02,19.0,1.8,0.48,0,1.1615
BASE,INDIAN_OCEAN,2026-11-03,17.8,2.03,0.31,0,1.1847
BASE,INDIAN_OCEAN,2026-11-04,16.2,0.52,-0.5,0,1.0417
BASE,INDIAN_OCEAN,2026-11-05,10.7,2.75,-0.06,0,1.2606
BASE,INDIAN_OCEAN,2026-11-06,11.9,2.46,0.66,0,1.2241
BASE,INDIAN_OCEAN,2026-11-07,12.7,1.64,0.37,0,1.1285
BASE,INDIAN_OCEAN,2026-11-08,16.5,2.31,0.06,0,1.2151
BASE,INDIAN_OCEAN,2026-11-09,9.7,2.76,0.62,0,1.2595
BASE,INDIAN_OCEAN,2026-11-10,19.8,1.49,-0.66,0,1.1317
BASE,INDIAN_OCEAN,2026-11-11,7.2,1.37,0.28,0,1.0924
BASE,INDIAN_OCEAN,2026-11-12,12.3,0.96,-0.48,0,1.0641
BASE,INDIAN_OCEAN,2026-11-13,9.6,2.94,1.03,0,1.2849
BASE,MALACCA,2026-09-15,10.6,0.75,-0.41,0,1.0447
BASE,MALACCA,2026-09-16,9.8,1.48,0.27,0,1.1067
BASE,MALACCA,2026-09-17,9.1,0.2,0.22,0,1.0115
BASE,MALACCA,2026-09-18,8.1,1.53,0.56,0,1.1089
BASE,MALACCA,2026-09-19,11.3,1.24,-0.35,0,1.0865
BASE,MALACCA,2026-09-20,10.3,1.15,-0.19,0,1.0768
BASE,MALACCA,2026-09-21,10.1,1.24,0.06,0,1.0836
BASE,MALACCA,2026-09-22,7.1,0.76,0.67,0,1.0404
BASE,MALACCA,2026-09-23,8.5,1.28,0.22,0,1.0855
BASE,MALACCA,2026-09-24,8.8,1.01,-0.19,0,1.0621
BASE,MALACCA,2026-09-25,13.1,1.26,-0.81,0,1.0918
BASE,MALACCA,2026-09-26,10.3,1.5,-0.8,0,1.1096
BASE,MALACCA,2026-09-27,10.6,1.45,0.82,0,1.105
BASE,MALACCA,2026-09-28,9.0,0.99,-0.5,0,1.0608
BASE,MALACCA,2026-09-29,12.7,0.92,-0.27,0,1.0614
BASE,MALACCA,2026-09-30,14.0,0.2,0.68,0,1.0207
BASE,MALACCA,2026-10-01,9.3,1.01,0.1,0,1.063
BASE,MALACCA,2026-10-02,12.3,0.78,-0.15,0,1.0497
BASE,MALACCA,2026-10-03,11.4,0.64,0.76,0,1.0388
BASE,MALACCA,2026-10-04,8.3,1.29,0.37,0,1.0862
BASE,MALACCA,2026-10-05,6.3,1.23,-0.04,0,1.0779
BASE,MALACCA,2026-10-06,5.2,0.94,0.67,0,1.0526
BASE,MALACCA,2026-10-07,14.4,0.79,0.48,0,1.0554
BASE,MALACCA,2026-10-08,6.5,0.88,-0.08,0,1.0489
BASE,MALACCA,2026-10-09,5.5,1.1,0.01,0,1.066
BASE,MALACCA,2026-10-10,7.5,1.27,-0.34,0,1.0836
BASE,MALACCA,2026-10-11,10.9,1.87,0.19,0,1.1502
BASE,MALACCA,2026-10-12,12.6,0.55,-0.13,0,1.0353
BASE,MALACCA,2026-10-13,11.8,0.59,0.09,0,1.0359
BASE,MALACCA,2026-10-14,5.1,0.88,0.12,0,1.0476
BASE,MALACCA,2026-10-15,12.3,1.3,-0.19,0,1.0934
BASE,MALACCA,2026-10-16,11.7,0.65,0.16,0,1.0396
BASE,MALACCA,2026-10-17,10.3,1.29,0.32,0,1.0889
BASE,MALACCA,2026-10-18,4.2,1.12,-0.42,0,1.0665
BASE,MALACCA,2026-10-19,6.4,1.23,-0.68,0,1.0785
BASE,MALACCA,2026-10-20,5.5,0.58,-0.13,0,1.0264
BASE,MALACCA,2026-10-21,9.9,0.94,0.15,0,1.0578
BASE,MALACCA,2026-10-22,12.3,1.26,-0.26,0,1.0898
BASE,MALACCA,2026-10-23,5.2,0.2,-0.06,0,1.0071
BASE,MALACCA,2026-10-24,10.8,0.62,0.23,0,1.0359
BASE,MALACCA,2026-10-25,12.5,1.38,1.02,0,1.1014
BASE,MALACCA,2026-10-26,9.1,0.92,0.13,0,1.0548
BASE,MALACCA,2026-10-27,12.5,1.11,0.56,0,1.0765
BASE,MALACCA,2026-10-28,10.0,0.97,-1.03,0,1.0609
BASE,MALACCA,2026-10-29,10.8,1.1,0.33,0,1.0731
BASE,MALACCA,2026-10-30,10.1,0.86,-0.84,0,1.0521
BASE,MALACCA,2026-10-31,9.2,1.08,0.73,0,1.0689
BASE,MALACCA,2026-11-01,5.5,0.62,0.14,0,1.0294
BASE,MALACCA,2026-11-02,10.1,0.53,0.91,0,1.0294
BASE,MALACCA,2026-11-03,14.5,0.29,-0.23,0,1.0256
BASE,MALACCA,2026-11-04,13.3,1.13,0.17,0,1.0799
BASE,MALACCA,2026-11-05,4.5,0.32,-0.67,0,1.0115
BASE,MALACCA,2026-11-06,13.2,0.68,-0.29,0,1.0449
BASE,MALACCA,2026-11-07,12.6,1.23,-0.24,0,1.0878
BASE,MALACCA,2026-11-08,10.6,0.62,0.5,0,1.0358
BASE,MALACCA,2026-11-09,11.8,0.94,-1.11,0,1.0612
BASE,MALACCA,2026-11-10,7.8,0.82,-0.43,0,1.0457
BASE,MALACCA,2026-11-11,11.0,0.57,-0.37,0,1.0334
BASE,MALACCA,2026-11-12,7.6,1.05,0.63,0,1.0636
BASE,MALACCA,2026-11-13,5.3,0.77,-0.01,0,1.0392
BASE,PERSIAN_GULF,2026-09-15,15.3,0.7,-0.23,0,1.0508
BASE,PERSIAN_GULF,2026-09-16,8.6,1.82,-0.0,0,1.1405
BASE,PERSIAN_GULF,2026-09-17,13.6,1.63,-0.39,0,1.129
BASE,PERSIAN_GULF,2026-09-18,9.1,1.09,0.5,0,1.0691
BASE,PERSIAN_GULF,2026-09-19,7.5,1.31,0.16,0,1.0872
BASE,PERSIAN_GULF,2026-09-20,16.6,0.4,-0.38,0,1.0361
BASE,PERSIAN_GULF,2026-09-21,7.9,0.52,0.32,0,1.0257
BASE,PERSIAN_GULF,2026-09-22,12.5,0.91,1.0,0,1.0602
BASE,PERSIAN_GULF,2026-09-23,5.7,1.49,0.2,0,1.1028
BASE,PERSIAN_GULF,2026-09-24,14.8,2.19,-0.71,0,1.1954
BASE,PERSIAN_GULF,2026-09-25,11.8,0.3,-0.1,0,1.0201
BASE,PERSIAN_GULF,2026-09-26,9.3,1.2,0.28,0,1.0789
BASE,PERSIAN_GULF,2026-09-27,12.3,1.01,0.3,0,1.0676
BASE,PERSIAN_GULF,2026-09-28,10.6,0.99,0.32,0,1.063
BASE,PERSIAN_GULF,2026-09-29,16.3,1.05,0.13,0,1.0806
BASE,PERSIAN_GULF,2026-09-30,10.7,0.24,0.93,0,1.0154
BASE,PERSIAN_GULF,2026-10-01,7.2,0.73,0.1,0,1.0386
BASE,PERSIAN_GULF,2026-10-02,13.8,0.63,1.06,0,1.0425
BASE,PERSIAN_GULF,2026-10-03,14.8,0.7,-0.42,0,1.0494
BASE,PERSIAN_GULF,2026-10-04,13.5,1.24,-0.5,0,1.0909
BASE,PERSIAN_GULF,2026-10-05,7.0,0.9,-0.78,0,1.0507
BASE,PERSIAN_GULF,2026-10-06,16.3,1.33,-0.89,0,1.1054
BASE,PERSIAN_GULF,2026-10-07,9.3,1.26,-0.15,0,1.0847
BASE,PERSIAN_GULF,2026-10-08,11.1,1.46,0.91,0,1.1069
BASE,PERSIAN_GULF,2026-10-09,13.3,1.18,-0.36,0,1.085
BASE,PERSIAN_GULF,2026-10-10,9.3,1.45,0.04,0,1.1027
BASE,PERSIAN_GULF,2026-10-11,5.2,1.26,0.53,0,1.0802
BASE,PERSIAN_GULF,2026-10-12,16.6,0.62,0.48,0,1.0491
BASE,PERSIAN_GULF,2026-10-13,14.6,1.24,-1.03,0,1.0935
BASE,PERSIAN_GULF,2026-10-14,10.2,0.27,0.68,0,1.0162
BASE,PERSIAN_GULF,2026-10-15,11.0,1.07,0.55,0,1.0705
BASE,PERSIAN_GULF,2026-10-16,7.7,1.12,0.19,0,1.0703
BASE,PERSIAN_GULF,2026-10-17,13.2,1.74,0.32,0,1.1401
BASE,PERSIAN_GULF,2026-10-18,11.3,0.94,1.0,0,1.0604
BASE,PERSIAN_GULF,2026-10-19,17.0,1.27,1.11,0,1.1023
BASE,PERSIAN_GULF,2026-10-20,13.5,1.51,0.4,0,1.1163
BASE,PERSIAN_GULF,2026-10-21,13.1,1.14,0.25,0,1.0806
BASE,PERSIAN_GULF,2026-10-22,16.5,0.47,-0.26,0,1.0398
BASE,PERSIAN_GULF,2026-10-23,11.3,1.34,0.08,0,1.0957
BASE,PERSIAN_GULF,2026-10-24,14.7,1.34,0.61,0,1.1027
BASE,PERSIAN_GULF,2026-10-25,12.1,1.27,0.35,0,1.0904
BASE,PERSIAN_GULF,2026-10-26,13.6,1.9,-0.12,0,1.159
BASE,PERSIAN_GULF,2026-10-27,18.6,0.72,-0.52,0,1.0611
BASE,PERSIAN_GULF,2026-10-28,12.0,1.36,0.11,0,1.0984
BASE,PERSIAN_GULF,2026-10-29,7.7,1.31,-0.59,0,1.0876
BASE,PERSIAN_GULF,2026-10-30,12.3,0.85,-0.74,0,1.0553
BASE,PERSIAN_GULF,2026-10-31,14.1,1.62,-0.02,0,1.1292
BASE,PERSIAN_GULF,2026-11-01,8.4,1.09,-0.34,0,1.0682
BASE,PERSIAN_GULF,2026-11-02,16.3,1.27,0.09,0,1.0995
BASE,PERSIAN_GULF,2026-11-03,10.4,0.61,0.21,0,1.0348
BASE,PERSIAN_GULF,2026-11-04,16.8,0.91,0.24,0,1.0704
BASE,PERSIAN_GULF,2026-11-05,13.9,1.74,0.7,0,1.1416
BASE,PERSIAN_GULF,2026-11-06,13.0,1.55,-0.66,0,1.1195
BASE,PERSIAN_GULF,2026-11-07,7.7,0.39,0.87,0,1.0183
BASE,PERSIAN_GULF,2026-11-08,14.3,1.04,0.15,0,1.0744
BASE,PERSIAN_GULF,2026-11-09,16.9,1.52,-0.27,0,1.126
BASE,PERSIAN_GULF,2026-11-10,18.1,1.17,0.75,0,1.0955
BASE,PERSIAN_GULF,2026-11-11,12.5,1.02,0.21,0,1.0691
BASE,PERSIAN_GULF,2026-11-12,16.0,0.55,-0.22,0,1.0431
BASE,PERSIAN_GULF,2026-11-13,4.8,1.63,-0.68,0,1.1159
BASE,RED_SEA,2026-09-15,12.6,1.16,0.26,0,1.0815
BASE,RED_SEA,2026-09-16,10.8,0.53,0.23,0,1.0306
BASE,RED_SEA,2026-09-17,14.5,0.94,-0.84,0,1.0667
BASE,RED_SEA,2026-09-18,9.1,1.11,1.1,0,1.071
BASE,RED_SEA,2026-09-19,18.1,1.36,0.29,0,1.1132
BASE,RED_SEA,2026-09-20,7.8,0.92,0.7,0,1.0531
BASE,RED_SEA,2026-09-21,13.7,1.16,-0.3,0,1.0835
BASE,RED_SEA,2026-09-22,15.9,0.9,0.12,0,1.0675
BASE,RED_SEA,2026-09-23,21.5,1.8,-0.43,0,1.1697
BASE,RED_SEA,2026-09-24,11.6,1.03,-0.01,0,1.0685
BASE,RED_SEA,2026-09-25,15.7,1.43,-0.56,0,1.114
BASE,RED_SEA,2026-09-26,17.4,0.97,0.39,0,1.0771
BASE,RED_SEA,2026-09-27,23.3,1.66,0.35,0,1.1608
BASE,RED_SEA,2026-09-28,14.8,1.35,-0.57,0,1.1034
BASE,RED_SEA,2026-09-29,16.6,1.67,-0.0,0,1.1402
BASE,RED_SEA,2026-09-30,22.7,2.01,0.98,0,1.1977
BASE,RED_SEA,2026-10-01,16.1,0.92,0.09,0,1.0695
BASE,RED_SEA,2026-10-02,19.1,2.51,0.3,0,1.2481
BASE,RED_SEA,2026-10-03,14.2,2.57,0.47,0,1.2425
BASE,RED_SEA,2026-10-04,10.2,1.95,-0.53,0,1.1585
BASE,RED_SEA,2026-10-05,11.9,1.32,0.34,0,1.0952
BASE,RED_SEA,2026-10-06,17.5,2.52,-1.08,0,1.2446
BASE,RED_SEA,2026-10-07,14.2,1.66,0.37,0,1.1337
BASE,RED_SEA,2026-10-08,16.2,0.2,-0.53,0,1.026
BASE,RED_SEA,2026-10-09,13.2,0.88,-0.38,0,1.0591
BASE,RED_SEA,2026-10-10,17.2,0.64,-0.59,0,1.0518
BASE,RED_SEA,2026-10-11,16.7,0.99,-0.03,0,1.0768
BASE,RED_SEA,2026-10-12,14.7,1.32,-0.45,0,1.101
BASE,RED_SEA,2026-10-13,7.8,1.67,-0.17,0,1.1235
BASE,RED_SEA,2026-10-14,18.1,1.5,0.54,0,1.1274
BASE,RED_SEA,2026-10-15,23.4,1.83,0.06,0,1.1797
BASE,RED_SEA,2026-10-16,10.4,1.34,-0.54,0,1.0941
BASE,RED_SEA,2026-10-17,12.6,1.43,0.38,0,1.1069
BASE,RED_SEA,2026-10-18,7.9,2.26,0.48,0,1.1913
BASE,RED_SEA,2026-10-19,12.4,1.75,0.48,0,1.1397
BASE,RED_SEA,2026-10-20,13.2,2.19,0.04,0,1.1922
BASE,RED_SEA,2026-10-21,16.1,1.15,-0.65,0,1.0886
BASE,RED_SEA,2026-10-22,5.7,0.98,-0.27,0,1.0562
BASE,RED_SEA,2026-10-23,14.1,1.42,-0.01,0,1.1093
BASE,RED_SEA,2026-10-24,14.7,1.41,1.22,0,1.1092
BASE,RED_SEA,2026-10-25,16.0,1.55,-0.94,0,1.1261
BASE,RED_SEA,2026-10-26,13.8,1.48,-0.22,0,1.1144
BASE,RED_SEA,2026-10-27,8.7,2.37,0.7,0,1.2061
BASE,RED_SEA,2026-10-28,12.7,1.15,0.05,0,1.0811
BASE,RED_SEA,2026-10-29,17.8,2.17,-0.4,0,1.2014
BASE,RED_SEA,2026-10-30,17.7,2.17,-0.1,0,1.2013
BASE,RED_SEA,2026-10-31,11.3,2.18,-0.37,0,1.1877
BASE,RED_SEA,2026-11-01,26.3,1.07,-0.61,0,1.1159
BASE,RED_SEA,2026-11-02,12.5,1.31,0.83,0,1.0953
BASE,RED_SEA,2026-11-03,13.0,1.28,0.76,0,1.0934
BASE,RED_SEA,2026-11-04,16.2,1.08,0.46,0,1.083
BASE,RED_SEA,2026-11-05,12.2,2.1,0.68,0,1.1798
BASE,RED_SEA,2026-11-06,12.8,1.04,0.07,0,1.0717
BASE,RED_SEA,2026-11-07,19.0,0.86,0.15,0,1.0726
BASE,RED_SEA,2026-11-08,19.3,1.22,-0.01,0,1.1044
BASE,RED_SEA,2026-11-09,21.7,0.95,0.4,0,1.0886
BASE,RED_SEA,2026-11-10,15.5,1.42,0.28,0,1.112
BASE,RED_SEA,2026-11-11,13.7,0.58,0.26,0,1.0393
BASE,RED_SEA,2026-11-12,13.3,1.12,0.48,0,1.0795
BASE,RED_SEA,2026-11-13,13.1,1.74,-0.99,0,1.14
BASE,MEDITERRANEAN,2026-09-15,17.3,0.23,0.31,0,1.0299
BASE,MEDITERRANEAN,2026-09-16,24.5,2.86,0.96,0,1.3135
BASE,MEDITERRANEAN,2026-09-17,6.7,1.23,0.19,0,1.0785
BASE,MEDITERRANEAN,2026-09-18,21.9,2.47,0.41,0,1.2517
BASE,MEDITERRANEAN,2026-09-19,10.3,1.5,-0.76,0,1.1098
BASE,MEDITERRANEAN,2026-09-20,19.7,2.73,1.04,0,1.279
BASE,MEDITERRANEAN,2026-09-21,21.1,2.96,-0.49,0,1.315
BASE,MEDITERRANEAN,2026-09-22,18.8,2.14,0.21,0,1.2009
BASE,MEDITERRANEAN,2026-09-23,14.8,1.86,0.04,0,1.1571
BASE,MEDITERRANEAN,2026-09-24,12.6,0.75,-0.28,0,1.0481
BASE,MEDITERRANEAN,2026-09-25,28.4,0.21,0.2,0,1.0701
BASE,MEDITERRANEAN,2026-09-26,23.0,1.85,-0.58,0,1.1811
BASE,MEDITERRANEAN,2026-09-27,15.5,0.72,0.53,0,1.0529
BASE,MEDITERRANEAN,2026-09-28,16.2,1.22,-0.21,0,1.0954
BASE,MEDITERRANEAN,2026-09-29,10.9,1.36,-0.78,0,1.0965
BASE,MEDITERRANEAN,2026-09-30,15.5,2.92,-0.14,0,1.2936
BASE,MEDITERRANEAN,2026-10-01,6.4,2.06,-0.48,0,1.1655
BASE,MEDITERRANEAN,2026-10-02,21.1,1.44,-0.67,0,1.1304
BASE,MEDITERRANEAN,2026-10-03,8.7,2.4,-0.38,0,1.211
BASE,MEDITERRANEAN,2026-10-04,17.5,1.24,-0.37,0,1.101
BASE,MEDITERRANEAN,2026-10-05,18.7,1.76,-0.06,0,1.1563
BASE,MEDITERRANEAN,2026-10-06,24.7,0.36,0.21,0,1.0608
BASE,MEDITERRANEAN,2026-10-07,12.4,2.22,-0.21,0,1.1945
BASE,MEDITERRANEAN,2026-10-08,20.2,1.77,0.58,0,1.1617
BASE,MEDITERRANEAN,2026-10-09,21.9,2.15,0.46,0,1.2113
BASE,MEDITERRANEAN,2026-10-10,21.3,2.66,-0.11,0,1.2744
BASE,MEDITERRANEAN,2026-10-11,17.0,1.5,0.12,0,1.1246
BASE,MEDITERRANEAN,2026-10-12,21.5,1.38,-0.48,0,1.1266
BASE,MEDITERRANEAN,2026-10-13,28.4,1.15,0.23,0,1.1328
BASE,MEDITERRANEAN,2026-10-14,6.9,1.56,-0.01,0,1.1111
BASE,MEDITERRANEAN,2026-10-15,7.2,2.88,-0.68,0,1.273
BASE,MEDITERRANEAN,2026-10-16,17.1,1.17,-0.31,0,1.0931
BASE,MEDITERRANEAN,2026-10-17,23.6,2.96,-0.22,0,1.324
BASE,MEDITERRANEAN,2026-10-18,18.0,2.11,-0.2,0,1.1942
BASE,MEDITERRANEAN,2026-10-19,25.1,1.76,-0.01,0,1.1788
BASE,MEDITERRANEAN,2026-10-20,18.3,0.99,-0.41,0,1.0808
BASE,MEDITERRANEAN,2026-10-21,14.2,1.71,-0.04,0,1.1396
BASE,MEDITERRANEAN,2026-10-22,13.3,2.3,-0.02,0,1.206
BASE,MEDITERRANEAN,2026-10-23,15.8,2.06,0.11,0,1.1826
BASE,MEDITERRANEAN,2026-10-24,3.0,1.76,0.24,0,1.1287
BASE,MEDITERRANEAN,2026-10-25,15.0,2.52,-0.3,0,1.2383
BASE,MEDITERRANEAN,2026-10-26,27.8,2.2,0.95,0,1.2408
BASE,MEDITERRANEAN,2026-10-27,17.6,2.06,-0.1,0,1.1878
BASE,MEDITERRANEAN,2026-10-28,11.0,2.62,-0.31,0,1.2432
BASE,MEDITERRANEAN,2026-10-29,19.4,0.94,-0.95,0,1.0801
BASE,MEDITERRANEAN,2026-10-30,11.6,1.38,0.02,0,1.1001
BASE,MEDITERRANEAN,2026-10-31,17.6,1.98,-0.18,0,1.1783
BASE,MEDITERRANEAN,2026-11-01,25.8,2.44,0.03,0,1.2636
BASE,MEDITERRANEAN,2026-11-02,23.2,2.98,-0.06,0,1.3264
BASE,MEDITERRANEAN,2026-11-03,30.2,2.81,-0.64,0,1.332
BASE,MEDITERRANEAN,2026-11-04,27.0,2.4,-0.13,0,1.2628
BASE,MEDITERRANEAN,2026-11-05,26.8,2.26,0.36,0,1.2446
BASE,MEDITERRANEAN,2026-11-06,5.6,2.11,-0.59,0,1.1715
BASE,MEDITERRANEAN,2026-11-07,27.3,3.04,-0.34,0,1.3507
BASE,MEDITERRANEAN,2026-11-08,9.9,2.65,-0.09,0,1.2446
BASE,MEDITERRANEAN,2026-11-09,9.3,3.72,0.77,0,1.4014
BASE,MEDITERRANEAN,2026-11-10,17.9,3.32,-0.24,0,1.3589
BASE,MEDITERRANEAN,2026-11-11,13.7,0.83,-0.29,0,1.0562
BASE,MEDITERRANEAN,2026-11-12,31.4,1.77,0.17,0,1.2082
BASE,MEDITERRANEAN,2026-11-13,13.0,1.42,-0.73,0,1.106
BASE,ATLANTIC,2026-09-15,11.3,1.95,0.45,0,1.1601
BASE,ATLANTIC,2026-09-16,23.3,4.53,0.38,0,1.5731
BASE,ATLANTIC,2026-09-17,21.7,1.87,0.14,0,1.1781
BASE,ATLANTIC,2026-09-18,23.9,4.32,-0.17,0,1.5395
BASE,ATLANTIC,2026-09-19,29.2,5.32,-1.02,0,1.65
BASE,ATLANTIC,2026-09-20,8.7,1.3,-1.2,0,1.088
BASE,ATLANTIC,2026-09-21,31.6,2.12,0.18,0,1.2498
BASE,ATLANTIC,2026-09-22,24.2,1.8,-0.05,0,1.1792
BASE,ATLANTIC,2026-09-23,30.8,2.43,0.58,0,1.2843
BASE,ATLANTIC,2026-09-24,19.7,3.59,0.58,0,1.4045
BASE,ATLANTIC,2026-09-25,18.6,3.99,0.44,0,1.4667
BASE,ATLANTIC,2026-09-26,32.7,1.88,-0.58,0,1.2268
BASE,ATLANTIC,2026-09-27,27.0,4.55,0.14,0,1.5911
BASE,ATLANTIC,2026-09-28,8.4,1.36,-0.84,0,1.0926
BASE,ATLANTIC,2026-09-29,26.5,6.3,0.19,0,1.65
BASE,ATLANTIC,2026-09-30,31.6,3.09,-0.12,0,1.3793
BASE,ATLANTIC,2026-10-01,32.7,6.21,0.11,0,1.65
BASE,ATLANTIC,2026-10-02,22.5,3.24,0.05,0,1.3608
BASE,ATLANTIC,2026-10-03,23.8,1.61,-1.51,0,1.1578
BASE,ATLANTIC,2026-10-04,20.6,1.82,-0.0,0,1.1693
BASE,ATLANTIC,2026-10-05,26.7,4.0,0.42,0,1.4966
BASE,ATLANTIC,2026-10-06,23.5,3.3,1.38,0,1.3744
BASE,ATLANTIC,2026-10-07,24.5,3.5,-0.08,0,1.4085
BASE,ATLANTIC,2026-10-08,24.1,4.86,-0.85,0,1.6355
BASE,ATLANTIC,2026-10-09,14.4,1.2,-1.37,0,1.0885
BASE,ATLANTIC,2026-10-10,13.5,4.37,-0.11,0,1.5165
BASE,ATLANTIC,2026-10-11,16.9,4.5,-0.07,0,1.5485
BASE,ATLANTIC,2026-10-12,18.8,3.81,0.12,0,1.4378
BASE,ATLANTIC,2026-10-13,29.4,3.13,-0.12,0,1.3742
BASE,ATLANTIC,2026-10-14,31.4,4.51,-0.11,0,1.6048
BASE,ATLANTIC,2026-10-15,14.2,4.96,0.67,0,1.6237
BASE,ATLANTIC,2026-10-16,5.3,4.56,0.07,0,1.5371
BASE,ATLANTIC,2026-10-17,21.7,3.81,-0.39,0,1.4462
BASE,ATLANTIC,2026-10-18,26.2,4.66,0.06,0,1.6074
BASE,ATLANTIC,2026-10-19,13.4,3.44,0.26,0,1.3648
BASE,ATLANTIC,2026-10-20,18.0,1.85,-0.31,0,1.1648
BASE,ATLANTIC,2026-10-21,13.0,3.61,-0.92,0,1.3907
BASE,ATLANTIC,2026-10-22,21.8,4.21,-0.58,0,1.5139
BASE,ATLANTIC,2026-10-23,20.5,4.45,-0.97,0,1.5492
BASE,ATLANTIC,2026-10-24,28.0,2.34,0.73,0,1.26
BASE,ATLANTIC,2026-10-25,27.2,2.45,0.56,0,1.2703
BASE,ATLANTIC,2026-10-26,34.8,3.83,-0.4,0,1.5088
BASE,ATLANTIC,2026-10-27,20.4,2.38,-0.85,0,1.2349
BASE,ATLANTIC,2026-10-28,39.4,2.38,-0.84,0,1.3259
BASE,ATLANTIC,2026-10-29,37.1,5.47,0.21,0,1.65
BASE,ATLANTIC,2026-10-30,23.2,3.55,0.38,0,1.4108
BASE,ATLANTIC,2026-10-31,20.4,4.26,-0.78,0,1.5173
BASE,ATLANTIC,2026-11-01,19.2,2.66,0.51,0,1.2676
BASE,ATLANTIC,2026-11-02,4.9,5.29,-0.09,0,1.65
BASE,ATLANTIC,2026-11-03,20.6,1.4,-0.17,0,1.1253
BASE,ATLANTIC,2026-11-04,26.0,2.09,0.29,0,1.2204
BASE,ATLANTIC,2026-11-05,7.6,2.95,-0.88,0,1.2837
BASE,ATLANTIC,2026-11-06,22.9,5.04,-0.88,0,1.65
BASE,ATLANTIC,2026-11-07,30.0,2.24,-0.32,0,1.2567
BASE,ATLANTIC,2026-11-08,4.4,2.12,-0.27,0,1.1708
BASE,ATLANTIC,2026-11-09,31.2,3.71,0.43,0,1.4717
BASE,ATLANTIC,2026-11-10,19.7,4.91,0.09,0,1.6296
BASE,ATLANTIC,2026-11-11,23.6,3.54,-0.27,0,1.4106
BASE,ATLANTIC,2026-11-12,33.6,2.68,0.66,0,1.3318
BASE,ATLANTIC,2026-11-13,22.3,3.19,1.48,0,1.3533
BASE,NORTH_SEA,2026-09-15,26.6,2.05,0.93,0,1.2179
BASE,NORTH_SEA,2026-09-16,15.9,4.18,0.81,0,1.491
BASE,NORTH_SEA,2026-09-17,24.9,3.04,0.88,0,1.3412
BASE,NORTH_SEA,2026-09-18,23.8,5.3,0.87,0,1.65
BASE,NORTH_SEA,2026-09-19,36.4,3.77,0.11,0,1.5084
BASE,NORTH_SEA,2026-09-20,35.2,2.12,0.37,0,1.2686
BASE,NORTH_SEA,2026-09-21,31.3,3.37,0.39,0,1.4191
BASE,NORTH_SEA,2026-09-22,18.2,1.89,-0.63,0,1.17
BASE,NORTH_SEA,2026-09-23,22.6,3.87,0.24,0,1.4588
BASE,NORTH_SEA,2026-09-24,20.2,1.73,-0.21,0,1.1582
BASE,NORTH_SEA,2026-09-25,34.4,4.28,0.82,0,1.581
BASE,NORTH_SEA,2026-09-26,22.2,6.27,-0.24,0,1.65
BASE,NORTH_SEA,2026-09-27,33.2,4.62,0.29,0,1.6343
BASE,NORTH_SEA,2026-09-28,34.8,3.79,0.2,0,1.5023
BASE,NORTH_SEA,2026-09-29,2.0,1.75,0.25,0,1.1277
BASE,NORTH_SEA,2026-09-30,43.6,3.28,-0.26,0,1.4789
BASE,NORTH_SEA,2026-10-01,27.4,0.36,-0.76,0,1.0718
BASE,NORTH_SEA,2026-10-02,13.0,3.68,0.21,0,1.4025
BASE,NORTH_SEA,2026-10-03,18.2,5.8,-0.92,0,1.65
BASE,NORTH_SEA,2026-10-04,27.7,4.41,0.66,0,1.5703
BASE,NORTH_SEA,2026-10-05,24.2,3.72,-1.36,0,1.4417
BASE,NORTH_SEA,2026-10-06,26.3,3.87,0.38,0,1.4748
BASE,NORTH_SEA,2026-10-07,13.0,0.77,-0.8,0,1.0511
BASE,NORTH_SEA,2026-10-08,19.0,2.72,0.35,0,1.2759
BASE,NORTH_SEA,2026-10-09,15.1,3.94,0.56,0,1.4479
BASE,NORTH_SEA,2026-10-10,21.0,1.37,-0.68,0,1.1239
BASE,NORTH_SEA,2026-10-11,30.9,4.81,-0.72,0,1.65
BASE,NORTH_SEA,2026-10-12,11.9,2.57,0.4,0,1.2378
BASE,NORTH_SEA,2026-10-13,23.4,5.47,-0.15,0,1.65
BASE,NORTH_SEA,2026-10-14,24.7,2.72,-0.3,0,1.2963
BASE,NORTH_SEA,2026-10-15,27.0,3.94,0.21,0,1.4883
BASE,NORTH_SEA,2026-10-16,24.4,3.85,-0.38,0,1.4624
BASE,NORTH_SEA,2026-10-17,37.6,3.4,0.02,0,1.4582
BASE,NORTH_SEA,2026-10-18,28.9,3.22,0.23,0,1.3846
BASE,NORTH_SEA,2026-10-19,30.3,5.83,0.9,0,1.65
BASE,NORTH_SEA,2026-10-20,29.6,3.53,-0.91,0,1.4351
BASE,NORTH_SEA,2026-10-21,21.4,4.58,-0.3,0,1.5766
BASE,NORTH_SEA,2026-10-22,13.7,2.13,0.27,0,1.1853
BASE,NORTH_SEA,2026-10-23,23.9,4.67,-0.39,0,1.6002
BASE,NORTH_SEA,2026-10-24,45.0,5.31,0.1,0,1.65
BASE,NORTH_SEA,2026-10-25,10.8,1.75,0.7,0,1.1372
BASE,NORTH_SEA,2026-10-26,32.7,4.86,-0.43,0,1.65
BASE,NORTH_SEA,2026-10-27,22.6,3.09,-0.1,0,1.3397
BASE,NORTH_SEA,2026-10-28,18.1,3.18,-0.24,0,1.3385
BASE,NORTH_SEA,2026-10-29,25.6,3.87,-0.03,0,1.4703
BASE,NORTH_SEA,2026-10-30,21.3,4.16,-0.19,0,1.5035
BASE,NORTH_SEA,2026-10-31,19.7,5.7,0.51,0,1.65
BASE,NORTH_SEA,2026-11-01,33.4,3.18,-0.29,0,1.4013
BASE,NORTH_SEA,2026-11-02,34.4,2.8,-0.07,0,1.3525
BASE,NORTH_SEA,2026-11-03,23.8,5.27,0.23,0,1.65
BASE,NORTH_SEA,2026-11-04,34.9,3.73,-0.63,0,1.4931
BASE,NORTH_SEA,2026-11-05,15.3,3.59,-0.38,0,1.3929
BASE,NORTH_SEA,2026-11-06,37.6,4.1,0.65,0,1.5692
BASE,NORTH_SEA,2026-11-07,34.4,5.14,-0.91,0,1.65
BASE,NORTH_SEA,2026-11-08,29.1,1.46,-0.44,0,1.1646
BASE,NORTH_SEA,2026-11-09,26.0,2.33,0.36,0,1.2493
BASE,NORTH_SEA,2026-11-10,10.5,5.63,-0.22,0,1.65
BASE,NORTH_SEA,2026-11-11,26.6,2.97,0.65,0,1.3386
BASE,NORTH_SEA,2026-11-12,30.1,1.07,-0.65,0,1.1332
BASE,NORTH_SEA,2026-11-13,20.4,6.43,-0.43,0,1.65
BASE,SOUTH_CHINA_SEA,2026-09-15,15.6,3.34,0.71,0,1.3552
BASE,SOUTH_CHINA_SEA,2026-09-16,22.9,2.66,-0.16,0,1.2807
BASE,SOUTH_CHINA_SEA,2026-09-17,23.0,0.2,-0.19,0,1.0474
BASE,SOUTH_CHINA_SEA,2026-09-18,22.6,3.63,-0.07,0,1.4212
BASE,SOUTH_CHINA_SEA,2026-09-19,9.9,3.6,-0.29,0,1.3833
BASE,SOUTH_CHINA_SEA,2026-09-20,15.0,1.64,0.26,0,1.1332
BASE,SOUTH_CHINA_SEA,2026-09-21,24.1,3.23,-0.8,0,1.3657
BASE,SOUTH_CHINA_SEA,2026-09-22,22.2,0.47,-0.26,0,1.0572
BASE,SOUTH_CHINA_SEA,2026-09-23,20.6,2.49,0.46,0,1.2499
BASE,SOUTH_CHINA_SEA,2026-09-24,10.8,0.83,0.92,0,1.0511
BASE,SOUTH_CHINA_SEA,2026-09-25,20.8,0.97,-0.41,0,1.0874
BASE,SOUTH_CHINA_SEA,2026-09-26,15.1,1.31,-0.58,0,1.1012
BASE,SOUTH_CHINA_SEA,2026-09-27,2.9,2.55,-1.0,0,1.2247
BASE,SOUTH_CHINA_SEA,2026-09-28,15.3,0.92,-0.69,0,1.067
BASE,SOUTH_CHINA_SEA,2026-09-29,19.1,1.88,0.94,0,1.1708
BASE,SOUTH_CHINA_SEA,2026-09-30,26.3,2.34,0.06,0,1.2525
BASE,SOUTH_CHINA_SEA,2026-10-01,18.7,1.06,-0.36,0,1.088
BASE,SOUTH_CHINA_SEA,2026-10-02,24.5,2.84,-0.86,0,1.3118
BASE,SOUTH_CHINA_SEA,2026-10-03,15.9,3.06,0.23,0,1.3144
BASE,SOUTH_CHINA_SEA,2026-10-04,18.6,1.82,-0.02,0,1.1627
BASE,SOUTH_CHINA_SEA,2026-10-05,20.3,2.11,0.26,0,1.2016
BASE,SOUTH_CHINA_SEA,2026-10-06,11.9,4.65,-0.15,0,1.562
BASE,SOUTH_CHINA_SEA,2026-10-07,13.0,2.5,-0.27,0,1.2313
BASE,SOUTH_CHINA_SEA,2026-10-08,19.5,2.88,0.49,0,1.2995
BASE,SOUTH_CHINA_SEA,2026-10-09,17.3,2.83,1.1,0,1.2863
BASE,SOUTH_CHINA_SEA,2026-10-10,18.3,1.62,0.21,0,1.1405
BASE,SOUTH_CHINA_SEA,2026-10-11,8.3,2.23,0.58,0,1.1881
BASE,SOUTH_CHINA_SEA,2026-10-12,19.2,4.25,-0.06,0,1.5121
BASE,SOUTH_CHINA_SEA,2026-10-13,14.6,1.19,0.84,0,1.0887
BASE,SOUTH_CHINA_SEA,2026-10-14,9.8,1.39,-0.14,0,1.0979
BASE,SOUTH_CHINA_SEA,2026-10-15,13.3,2.23,-0.25,0,1.1974
BASE,SOUTH_CHINA_SEA,2026-10-16,23.4,1.9,-0.22,0,1.1879
BASE,SOUTH_CHINA_SEA,2026-10-17,17.7,1.24,-0.1,0,1.1013
BASE,SOUTH_CHINA_SEA,2026-10-18,19.1,1.95,0.16,0,1.1785
BASE,SOUTH_CHINA_SEA,2026-10-19,25.1,1.9,-0.2,0,1.1943
BASE,SOUTH_CHINA_SEA,2026-10-20,23.2,2.31,0.5,0,1.2357
BASE,SOUTH_CHINA_SEA,2026-10-21,23.0,1.14,0.35,0,1.1088
BASE,SOUTH_CHINA_SEA,2026-10-22,21.5,3.13,0.32,0,1.3424
BASE,SOUTH_CHINA_SEA,2026-10-23,12.3,2.27,-0.4,0,1.1996
BASE,SOUTH_CHINA_SEA,2026-10-24,23.6,2.79,0.12,0,1.3014
BASE,SOUTH_CHINA_SEA,2026-10-25,7.1,0.94,0.6,0,1.0542
BASE,SOUTH_CHINA_SEA,2026-10-26,25.3,3.06,-0.16,0,1.3453
BASE,SOUTH_CHINA_SEA,2026-10-27,7.5,1.95,-0.51,0,1.1547
BASE,SOUTH_CHINA_SEA,2026-10-28,15.6,2.57,-0.24,0,1.2454
BASE,SOUTH_CHINA_SEA,2026-10-29,11.8,1.51,-0.06,0,1.1129
BASE,SOUTH_CHINA_SEA,2026-10-30,20.1,2.46,-0.42,0,1.2444
BASE,SOUTH_CHINA_SEA,2026-10-31,13.5,1.98,-0.17,0,1.1675
BASE,SOUTH_CHINA_SEA,2026-11-01,14.6,2.87,-0.03,0,1.2839
BASE,SOUTH_CHINA_SEA,2026-11-02,24.6,3.48,-0.4,0,1.4055
BASE,SOUTH_CHINA_SEA,2026-11-03,6.9,3.43,0.4,0,1.3537
BASE,SOUTH_CHINA_SEA,2026-11-04,22.4,0.2,-1.02,0,1.0449
BASE,SOUTH_CHINA_SEA,2026-11-05,11.1,3.84,-0.41,0,1.4244
BASE,SOUTH_CHINA_SEA,2026-11-06,19.0,2.52,-0.91,0,1.2483
BASE,SOUTH_CHINA_SEA,2026-11-07,17.6,2.1,-0.3,0,1.1926
BASE,SOUTH_CHINA_SEA,2026-11-08,12.2,1.11,-0.26,0,1.0764
BASE,SOUTH_CHINA_SEA,2026-11-09,11.9,2.37,-1.05,0,1.2115
BASE,SOUTH_CHINA_SEA,2026-11-10,25.1,3.84,0.56,0,1.4646
BASE,SOUTH_CHINA_SEA,2026-11-11,19.2,1.15,-0.11,0,1.0972
BASE,SOUTH_CHINA_SEA,2026-11-12,20.7,2.93,0.87,0,1.3099
BASE,SOUTH_CHINA_SEA,2026-11-13,10.8,0.7,-0.06,0,1.0412
CALM,ARABIAN_SEA,2026-09-15,7.2,1.16,0.45,0,1.0728
CALM,ARABIAN_SEA,2026-09-16,14.6,1.63,0.16,0,1.132
CALM,ARABIAN_SEA,2026-09-17,2.8,0.96,0.33,0,1.0522
CALM,ARABIAN_SEA,2026-09-18,8.2,1.26,0.44,0,1.0835
CALM,ARABIAN_SEA,2026-09-19,8.4,0.85,0.32,0,1.0491
CALM,ARABIAN_SEA,2026-09-20,3.0,1.25,0.36,0,1.0777
CALM,ARABIAN_SEA,2026-09-21,18.2,2.49,0.49,0,1.2431
CALM,ARABIAN_SEA,2026-09-22,5.9,1.25,1.09,0,1.0794
CALM,ARABIAN_SEA,2026-09-23,8.2,1.74,0.17,0,1.132
CALM,ARABIAN_SEA,2026-09-24,9.7,0.63,0.07,0,1.0351
CALM,ARABIAN_SEA,2026-09-25,12.5,1.63,-0.02,0,1.1266
CALM,ARABIAN_SEA,2026-09-26,8.1,1.12,-0.48,0,1.0702
CALM,ARABIAN_SEA,2026-09-27,4.4,0.99,0.64,0,1.0556
CALM,ARABIAN_SEA,2026-09-28,18.9,1.88,-0.15,0,1.1706
CALM,ARABIAN_SEA,2026-09-29,12.1,1.15,-0.96,0,1.0799
CALM,ARABIAN_SEA,2026-09-30,18.8,1.17,0.14,0,1.0982
CALM,ARABIAN_SEA,2026-10-01,10.0,2.04,0.3,0,1.1681
CALM,ARABIAN_SEA,2026-10-02,34.3,1.82,0.88,1,1.2289
CALM,ARABIAN_SEA,2026-10-03,16.7,1.62,-0.35,0,1.1355
CALM,ARABIAN_SEA,2026-10-04,3.1,2.01,0.24,0,1.157
CALM,ARABIAN_SEA,2026-10-05,17.6,0.32,-0.8,0,1.0348
CALM,ARABIAN_SEA,2026-10-06,17.1,0.91,0.15,0,1.071
CALM,ARABIAN_SEA,2026-10-07,13.4,2.1,0.83,0,1.1814
CALM,ARABIAN_SEA,2026-10-08,13.2,0.5,-0.51,0,1.0335
CALM,ARABIAN_SEA,2026-10-09,15.1,2.17,-0.46,0,1.1942
CALM,ARABIAN_SEA,2026-10-10,8.4,1.79,0.21,0,1.1373
CALM,ARABIAN_SEA,2026-10-11,14.6,1.22,-0.1,0,1.0917
CALM,ARABIAN_SEA,2026-10-12,17.1,1.32,0.66,0,1.1068
CALM,ARABIAN_SEA,2026-10-13,19.5,1.22,-0.74,0,1.1047
CALM,ARABIAN_SEA,2026-10-14,12.7,0.63,1.12,0,1.0404
CALM,ARABIAN_SEA,2026-10-15,7.8,1.68,1.25,0,1.1246
CALM,ARABIAN_SEA,2026-10-16,8.5,1.43,-0.35,0,1.0993
CALM,ARABIAN_SEA,2026-10-17,7.3,1.05,-0.48,0,1.0633
CALM,ARABIAN_SEA,2026-10-18,17.8,2.4,-0.73,0,1.2303
CALM,ARABIAN_SEA,2026-10-19,20.0,0.86,0.05,0,1.0756
CALM,ARABIAN_SEA,2026-10-20,16.6,1.01,0.44,0,1.0783
CALM,ARABIAN_SEA,2026-10-21,20.6,1.84,-0.89,0,1.1713
CALM,ARABIAN_SEA,2026-10-22,8.9,0.5,-0.14,0,1.0255
CALM,ARABIAN_SEA,2026-10-23,14.7,0.4,-0.03,0,1.0311
CALM,ARABIAN_SEA,2026-10-24,4.9,2.46,0.52,0,1.2136
CALM,ARABIAN_SEA,2026-10-25,12.5,0.8,-0.26,0,1.0516
CALM,ARABIAN_SEA,2026-10-26,7.5,2.2,1.31,0,1.1842
CALM,ARABIAN_SEA,2026-10-27,12.5,1.68,0.21,0,1.1321
CALM,ARABIAN_SEA,2026-10-28,14.1,1.4,0.19,0,1.1068
CALM,ARABIAN_SEA,2026-10-29,9.5,2.0,0.62,0,1.1628
CALM,ARABIAN_SEA,2026-10-30,11.1,0.2,-0.16,0,1.0148
CALM,ARABIAN_SEA,2026-10-31,8.6,1.01,-0.17,0,1.0615
CALM,ARABIAN_SEA,2026-11-01,3.4,0.2,0.38,0,1.0058
CALM,ARABIAN_SEA,2026-11-02,10.3,0.85,0.7,0,1.0515
CALM,ARABIAN_SEA,2026-11-03,7.4,1.92,0.48,0,1.1502
CALM,ARABIAN_SEA,2026-11-04,2.0,1.36,-0.22,0,1.0875
CALM,ARABIAN_SEA,2026-11-05,11.3,0.62,0.49,0,1.037
CALM,ARABIAN_SEA,2026-11-06,11.7,2.45,0.33,0,1.2219
CALM,ARABIAN_SEA,2026-11-07,24.1,5.27,-0.39,1,1.65
CALM,ARABIAN_SEA,2026-11-08,9.9,0.95,-0.18,0,1.0585
CALM,ARABIAN_SEA,2026-11-09,9.8,1.4,0.22,0,1.0984
CALM,ARABIAN_SEA,2026-11-10,18.3,1.83,-0.1,0,1.163
CALM,ARABIAN_SEA,2026-11-11,10.1,1.04,0.09,0,1.0665
CALM,ARABIAN_SEA,2026-11-12,13.5,1.84,-1.3,0,1.1522
CALM,ARABIAN_SEA,2026-11-13,2.0,1.25,-0.03,0,1.0776
CALM,BAY_OF_BENGAL,2026-09-15,6.2,1.16,-0.64,0,1.0721
CALM,BAY_OF_BENGAL,2026-09-16,21.1,1.5,-0.04,0,1.1366
CALM,BAY_OF_BENGAL,2026-09-17,2.0,0.62,0.4,0,1.0274
CALM,BAY_OF_BENGAL,2026-09-18,13.9,1.78,-0.36,0,1.1458
CALM,BAY_OF_BENGAL,2026-09-19,3.8,2.57,-0.43,0,1.228
CALM,BAY_OF_BENGAL,2026-09-20,11.2,0.2,0.47,0,1.015
CALM,BAY_OF_BENGAL,2026-09-21,18.8,1.21,0.95,0,1.1012
CALM,BAY_OF_BENGAL,2026-09-22,5.9,1.49,-0.05,0,1.1033
CALM,BAY_OF_BENGAL,2026-09-23,2.9,2.24,0.22,0,1.1846
CALM,BAY_OF_BENGAL,2026-09-24,20.8,0.42,-0.03,1,1.0497
CALM,BAY_OF_BENGAL,2026-09-25,18.8,4.84,0.18,0,1.614
CALM,BAY_OF_BENGAL,2026-09-26,11.9,2.76,0.2,0,1.2632
CALM,BAY_OF_BENGAL,2026-09-27,16.3,1.21,-1.15,0,1.0948
CALM,BAY_OF_BENGAL,2026-09-28,14.1,2.67,0.02,0,1.256
CALM,BAY_OF_BENGAL,2026-09-29,10.1,1.66,-0.22,0,1.1254
CALM,BAY_OF_BENGAL,2026-09-30,8.4,0.2,-0.31,0,1.0105
CALM,BAY_OF_BENGAL,2026-10-01,2.0,1.76,-0.18,0,1.1291
CALM,BAY_OF_BENGAL,2026-10-02,2.1,1.47,0.19,0,1.0986
CALM,BAY_OF_BENGAL,2026-10-03,24.7,3.8,0.21,0,1.4567
CALM,BAY_OF_BENGAL,2026-10-04,27.8,2.41,-0.83,0,1.2679
CALM,BAY_OF_BENGAL,2026-10-05,11.2,3.16,-0.21,0,1.319
CALM,BAY_OF_BENGAL,2026-10-06,21.8,2.94,0.42,0,1.3159
CALM,BAY_OF_BENGAL,2026-10-07,13.9,1.96,0.93,0,1.1659
CALM,BAY_OF_BENGAL,2026-10-08,25.2,0.89,-0.85,0,1.0969
CALM,BAY_OF_BENGAL,2026-10-09,13.9,1.35,-0.94,0,1.1013
CALM,BAY_OF_BENGAL,2026-10-10,21.1,2.17,-0.6,0,1.2112
CALM,BAY_OF_BENGAL,2026-10-11,10.3,1.14,-0.11,0,1.0755
CALM,BAY_OF_BENGAL,2026-10-12,22.2,3.66,-0.4,0,1.4251
CALM,BAY_OF_BENGAL,2026-10-13,14.3,1.25,0.47,0,1.0931
CALM,BAY_OF_BENGAL,2026-10-14,18.8,2.03,0.12,0,1.1879
CALM,BAY_OF_BENGAL,2026-10-15,29.4,0.94,-0.07,0,1.1191
CALM,BAY_OF_BENGAL,2026-10-16,11.2,3.06,-1.35,0,1.3038
CALM,BAY_OF_BENGAL,2026-10-17,11.5,2.56,0.4,0,1.2359
CALM,BAY_OF_BENGAL,2026-10-18,11.9,4.29,0.16,0,1.4994
CALM,BAY_OF_BENGAL,2026-10-19,19.9,1.89,-0.82,0,1.1745
CALM,BAY_OF_BENGAL,2026-10-20,10.9,1.15,-0.41,0,1.0775
CALM,BAY_OF_BENGAL,2026-10-21,15.8,3.02,0.73,0,1.3091
CALM,BAY_OF_BENGAL,2026-10-22,2.0,2.76,-0.52,0,1.2522
CALM,BAY_OF_BENGAL,2026-10-23,12.9,1.61,-0.91,0,1.1259
CALM,BAY_OF_BENGAL,2026-10-24,3.3,0.2,-0.15,0,1.0058
CALM,BAY_OF_BENGAL,2026-10-25,15.0,2.54,1.05,0,1.2408
CALM,BAY_OF_BENGAL,2026-10-26,13.2,1.68,-1.2,0,1.1339
CALM,BAY_OF_BENGAL,2026-10-27,12.5,2.23,0.07,0,1.1951
CALM,BAY_OF_BENGAL,2026-10-28,23.9,1.32,0.15,0,1.1291
CALM,BAY_OF_BENGAL,2026-10-29,17.1,1.15,0.11,0,1.0913
CALM,BAY_OF_BENGAL,2026-10-30,14.0,1.13,-0.2,0,1.0815
CALM,BAY_OF_BENGAL,2026-10-31,33.3,4.07,0.45,0,1.5409
CALM,BAY_OF_BENGAL,2026-11-01,5.6,2.58,0.45,0,1.2303
CALM,BAY_OF_BENGAL,2026-11-02,18.6,1.96,-0.63,0,1.179
CALM,BAY_OF_BENGAL,2026-11-03,15.4,1.41,-0.17,0,1.1112
CALM,BAY_OF_BENGAL,2026-11-04,17.3,1.58,0.43,0,1.1328
CALM,BAY_OF_BENGAL,2026-11-05,26.2,1.2,0.06,0,1.1271
CALM,BAY_OF_BENGAL,2026-11-06,14.5,0.87,-0.19,0,1.0613
CALM,BAY_OF_BENGAL,2026-11-07,9.8,1.67,-0.06,0,1.1264
CALM,BAY_OF_BENGAL,2026-11-08,2.0,4.23,-0.03,0,1.4796
CALM,BAY_OF_BENGAL,2026-11-09,12.0,3.94,0.36,0,1.4413
CALM,BAY_OF_BENGAL,2026-11-10,14.8,3.2,-0.09,0,1.3319
CALM,BAY_OF_BENGAL,2026-11-11,4.5,2.61,0.29,0,1.233
CALM,BAY_OF_BENGAL,2026-11-12,22.3,1.32,1.17,0,1.1233
CALM,BAY_OF_BENGAL,2026-11-13,25.8,1.58,0.3,0,1.1628
CALM,INDIAN_OCEAN,2026-09-15,5.2,2.53,-0.86,0,1.2229
CALM,INDIAN_OCEAN,2026-09-16,11.5,0.62,-0.02,0,1.0375
CALM,INDIAN_OCEAN,2026-09-17,2.0,1.39,0.8,0,1.0904
CALM,INDIAN_OCEAN,2026-09-18,16.3,1.71,0.04,0,1.1447
CALM,INDIAN_OCEAN,2026-09-19,14.4,0.87,-0.45,0,1.0613
CALM,INDIAN_OCEAN,2026-09-20,6.3,0.9,-0.02,0,1.0499
CALM,INDIAN_OCEAN,2026-09-21,9.4,0.53,-0.68,0,1.0285
CALM,INDIAN_OCEAN,2026-09-22,14.0,1.05,-0.51,0,1.0749
CALM,INDIAN_OCEAN,2026-09-23,11.8,2.37,-0.14,0,1.212
CALM,INDIAN_OCEAN,2026-09-24,9.5,0.28,-0.43,0,1.0153
CALM,INDIAN_OCEAN,2026-09-25,9.0,1.95,0.7,0,1.1564
CALM,INDIAN_OCEAN,2026-09-26,11.1,1.53,-0.79,0,1.1142
CALM,INDIAN_OCEAN,2026-09-27,8.5,1.12,-0.0,0,1.0707
CALM,INDIAN_OCEAN,2026-09-28,10.0,1.23,1.38,0,1.0831
CALM,INDIAN_OCEAN,2026-09-29,5.1,1.13,-0.09,0,1.068
CALM,INDIAN_OCEAN,2026-09-30,17.1,2.18,-0.34,0,1.1999
CALM,INDIAN_OCEAN,2026-10-01,8.7,2.17,0.32,0,1.1819
CALM,INDIAN_OCEAN,2026-10-02,18.8,1.7,1.33,0,1.1506
CALM,INDIAN_OCEAN,2026-10-03,13.3,1.36,-0.38,0,1.1018
CALM,INDIAN_OCEAN,2026-10-04,10.3,1.05,0.04,0,1.0673
CALM,INDIAN_OCEAN,2026-10-05,16.1,1.15,-0.33,0,1.0886
CALM,INDIAN_OCEAN,2026-10-06,7.8,1.52,0.39,0,1.1081
CALM,INDIAN_OCEAN,2026-10-07,6.8,0.69,-0.45,0,1.0351
CALM,INDIAN_OCEAN,2026-10-08,8.5,1.68,-0.1,0,1.1258
CALM,INDIAN_OCEAN,2026-10-09,12.1,2.16,0.16,0,1.1865
CALM,INDIAN_OCEAN,2026-10-10,21.9,1.08,0.19,1,1.1001
CALM,INDIAN_OCEAN,2026-10-11,12.3,2.49,0.14,0,1.2283
CALM,INDIAN_OCEAN,2026-10-12,3.8,1.23,-0.58,0,1.0759
CALM,INDIAN_OCEAN,2026-10-13,7.1,1.71,-0.05,0,1.1275
CALM,INDIAN_OCEAN,2026-10-14,10.2,0.31,0.3,0,1.018
CALM,INDIAN_OCEAN,2026-10-15,10.2,1.43,-1.02,0,1.1024
CALM,INDIAN_OCEAN,2026-10-16,3.1,1.49,0.42,0,1.1009
CALM,INDIAN_OCEAN,2026-10-17,13.9,0.86,-0.57,0,1.059
CALM,INDIAN_OCEAN,2026-10-18,9.2,1.0,0.7,0,1.0614
CALM,INDIAN_OCEAN,2026-10-19,11.1,0.29,0.19,0,1.0184
CALM,INDIAN_OCEAN,2026-10-20,15.2,0.2,-0.61,0,1.0234
CALM,INDIAN_OCEAN,2026-10-21,15.6,1.29,0.29,0,1.1004
CALM,INDIAN_OCEAN,2026-10-22,12.6,0.29,-0.03,0,1.0212
CALM,INDIAN_OCEAN,2026-10-23,11.6,0.62,0.73,0,1.0376
CALM,INDIAN_OCEAN,2026-10-24,10.0,0.2,0.65,0,1.013
CALM,INDIAN_OCEAN,2026-10-25,10.2,1.44,0.34,0,1.1034
CALM,INDIAN_OCEAN,2026-10-26,16.4,1.41,-0.47,0,1.1135
CALM,INDIAN_OCEAN,2026-10-27,7.3,1.97,-0.59,0,1.1559
CALM,INDIAN_OCEAN,2026-10-28,8.3,1.46,0.5,0,1.1025
CALM,INDIAN_OCEAN,2026-10-29,7.9,0.2,0.87,0,1.0099
CALM,INDIAN_OCEAN,2026-10-30,11.0,0.58,0.26,0,1.034
CALM,INDIAN_OCEAN,2026-10-31,15.1,0.8,-0.5,0,1.0579
CALM,INDIAN_OCEAN,2026-11-01,20.0,0.93,-1.07,0,1.0816
CALM,INDIAN_OCEAN,2026-11-02,12.3,1.9,-0.84,0,1.1555
CALM,INDIAN_OCEAN,2026-11-03,12.8,1.05,-0.64,0,1.0721
CALM,INDIAN_OCEAN,2026-11-04,14.8,1.44,-0.32,0,1.1127
CALM,INDIAN_OCEAN,2026-11-05,15.9,1.75,-0.13,0,1.1474
CALM,INDIAN_OCEAN,2026-11-06,6.8,1.6,-0.56,0,1.115
CALM,INDIAN_OCEAN,2026-11-07,9.4,0.72,1.32,0,1.0409
CALM,INDIAN_OCEAN,2026-11-08,4.2,1.78,-0.22,0,1.1325
CALM,INDIAN_OCEAN,2026-11-09,10.9,1.21,0.65,0,1.0825
CALM,INDIAN_OCEAN,2026-11-10,11.7,0.87,0.22,0,1.0555
CALM,INDIAN_OCEAN,2026-11-11,2.0,1.15,1.18,0,1.0686
CALM,INDIAN_OCEAN,2026-11-12,15.7,1.53,0.91,0,1.1238
CALM,INDIAN_OCEAN,2026-11-13,9.5,1.7,0.57,0,1.1292
CALM,MALACCA,2026-09-15,8.4,0.9,0.11,0,1.0527
CALM,MALACCA,2026-09-16,9.0,0.28,-0.24,0,1.0144
CALM,MALACCA,2026-09-17,5.3,0.26,0.7,0,1.0095
CALM,MALACCA,2026-09-18,3.4,0.88,-0.27,0,1.0464
CALM,MALACCA,2026-09-19,2.0,0.3,0.04,0,1.0094
CALM,MALACCA,2026-09-20,10.0,1.36,0.1,0,1.0956
CALM,MALACCA,2026-09-21,4.1,0.52,-0.48,0,1.0222
CALM,MALACCA,2026-09-22,2.0,0.78,-0.03,0,1.0385
CALM,MALACCA,2026-09-23,12.4,0.84,-0.36,0,1.0546
CALM,MALACCA,2026-09-24,8.5,0.56,0.04,0,1.0286
CALM,MALACCA,2026-09-25,9.6,0.91,0.81,0,1.055
CALM,MALACCA,2026-09-26,6.0,0.77,-0.37,0,1.0404
CALM,MALACCA,2026-09-27,8.2,0.69,-0.56,0,1.037
CALM,MALACCA,2026-09-28,6.6,0.68,0.82,0,1.0345
CALM,MALACCA,2026-09-29,8.0,0.2,-0.39,0,1.0101
CALM,MALACCA,2026-09-30,2.0,1.13,-0.98,0,1.0668
CALM,MALACCA,2026-10-01,7.6,0.62,-0.09,0,1.0316
CALM,MALACCA,2026-10-02,3.2,1.1,0.84,0,1.0647
CALM,MALACCA,2026-10-03,6.7,0.59,0.21,0,1.0282
CALM,MALACCA,2026-10-04,8.3,0.72,-0.68,0,1.0391
CALM,MALACCA,2026-10-05,11.6,0.58,0.33,0,1.0352
CALM,MALACCA,2026-10-06,12.4,1.06,-0.32,0,1.0721
CALM,MALACCA,2026-10-07,5.7,0.4,1.01,0,1.0167
CALM,MALACCA,2026-10-08,12.0,1.89,-0.63,1,1.1546
CALM,MALACCA,2026-10-09,11.2,1.13,-0.82,0,1.076
CALM,MALACCA,2026-10-10,8.7,0.6,-0.36,0,1.0315
CALM,MALACCA,2026-10-11,8.3,0.87,-0.16,0,1.0497
CALM,MALACCA,2026-10-12,5.4,0.88,-0.2,0,1.0475
CALM,MALACCA,2026-10-13,3.9,1.15,-0.47,0,1.0689
CALM,MALACCA,2026-10-14,8.6,1.02,-0.7,0,1.0625
CALM,MALACCA,2026-10-15,5.1,0.8,0.28,0,1.0411
CALM,MALACCA,2026-10-16,11.9,0.2,-0.68,0,1.0162
CALM,MALACCA,2026-10-17,10.9,0.23,-0.43,0,1.0154
CALM,MALACCA,2026-10-18,4.7,0.2,0.14,0,1.0067
CALM,MALACCA,2026-10-19,10.4,1.02,0.22,0,1.0654
CALM,MALACCA,2026-10-20,6.5,0.8,0.29,0,1.0428
CALM,MALACCA,2026-10-21,2.0,0.88,1.59,0,1.0456
CALM,MALACCA,2026-10-22,8.2,0.99,-0.45,0,1.0596
CALM,MALACCA,2026-10-23,5.8,0.89,1.4,0,1.0492
CALM,MALACCA,2026-10-24,3.9,1.16,-1.66,0,1.07
CALM,MALACCA,2026-10-25,3.9,0.64,-0.7,0,1.0294
CALM,MALACCA,2026-10-26,5.7,1.49,0.19,0,1.1028
CALM,MALACCA,2026-10-27,12.4,0.36,0.02,0,1.0244
CALM,MALACCA,2026-10-28,4.8,0.94,0.85,0,1.0518
CALM,MALACCA,2026-10-29,5.2,1.11,-0.54,0,1.0663
CALM,MALACCA,2026-10-30,11.4,0.95,-0.42,0,1.0615
CALM,MALACCA,2026-10-31,6.3,1.4,0.89,0,1.0942
CALM,MALACCA,2026-11-01,6.4,0.2,-0.21,0,1.0082
CALM,MALACCA,2026-11-02,9.5,0.85,-0.89,0,1.0506
CALM,MALACCA,2026-11-03,2.0,1.25,-0.53,0,1.0772
CALM,MALACCA,2026-11-04,11.6,1.55,-0.06,0,1.1171
CALM,MALACCA,2026-11-05,5.3,1.51,-0.73,0,1.1043
CALM,MALACCA,2026-11-06,14.1,1.3,0.08,0,1.0969
CALM,MALACCA,2026-11-07,2.8,0.79,-1.16,0,1.0396
CALM,MALACCA,2026-11-08,12.4,0.94,0.23,0,1.0628
CALM,MALACCA,2026-11-09,8.0,1.17,0.26,0,1.0748
CALM,MALACCA,2026-11-10,10.5,0.31,0.21,0,1.0185
CALM,MALACCA,2026-11-11,8.0,1.08,-0.72,0,1.0669
CALM,MALACCA,2026-11-12,8.6,0.86,0.06,0,1.0496
CALM,MALACCA,2026-11-13,11.4,0.51,-0.1,0,1.0302
CALM,PERSIAN_GULF,2026-09-15,2.0,0.52,-0.01,0,1.0209
CALM,PERSIAN_GULF,2026-09-16,9.0,1.21,0.74,0,1.0796
CALM,PERSIAN_GULF,2026-09-17,9.0,0.95,-0.46,0,1.0574
CALM,PERSIAN_GULF,2026-09-18,12.7,0.2,-0.2,0,1.0178
CALM,PERSIAN_GULF,2026-09-19,2.0,0.56,0.19,0,1.0231
CALM,PERSIAN_GULF,2026-09-20,18.3,0.61,0.21,0,1.053
CALM,PERSIAN_GULF,2026-09-21,10.1,0.21,-0.55,0,1.0135
CALM,PERSIAN_GULF,2026-09-22,9.4,0.35,0.18,0,1.0186
CALM,PERSIAN_GULF,2026-09-23,9.8,0.21,-0.01,0,1.0128
CALM,PERSIAN_GULF,2026-09-24,8.7,0.82,-0.74,0,1.0473
CALM,PERSIAN_GULF,2026-09-25,12.3,0.41,0.64,0,1.0267
CALM,PERSIAN_GULF,2026-09-26,4.1,0.82,0.12,0,1.0422
CALM,PERSIAN_GULF,2026-09-27,7.8,0.61,0.0,0,1.0311
CALM,PERSIAN_GULF,2026-09-28,10.4,0.56,0.19,0,1.0315
CALM,PERSIAN_GULF,2026-09-29,5.3,1.2,-0.29,0,1.0742
CALM,PERSIAN_GULF,2026-09-30,13.2,0.89,-1.21,0,1.0599
CALM,PERSIAN_GULF,2026-10-01,15.5,0.81,-0.21,0,1.0592
CALM,PERSIAN_GULF,2026-10-02,10.8,0.2,0.02,0,1.0142
CALM,PERSIAN_GULF,2026-10-03,10.0,0.73,-0.45,0,1.0424
CALM,PERSIAN_GULF,2026-10-04,9.3,1.13,-0.34,0,1.0727
CALM,PERSIAN_GULF,2026-10-05,5.3,1.18,-0.73,0,1.0729
CALM,PERSIAN_GULF,2026-10-06,2.0,0.89,-0.37,0,1.0467
CALM,PERSIAN_GULF,2026-10-07,5.7,1.09,0.72,0,1.0652
CALM,PERSIAN_GULF,2026-10-08,14.1,0.95,-0.65,0,1.0667
CALM,PERSIAN_GULF,2026-10-09,2.6,0.85,0.18,0,1.0438
CALM,PERSIAN_GULF,2026-10-10,9.7,0.88,0.18,0,1.053
CALM,PERSIAN_GULF,2026-10-11,8.4,0.94,-0.78,0,1.0553
CALM,PERSIAN_GULF,2026-10-12,12.4,0.89,-0.32,0,1.0584
CALM,PERSIAN_GULF,2026-10-13,11.4,1.05,0.34,0,1.0694
CALM,PERSIAN_GULF,2026-10-14,12.4,0.72,-0.18,0,1.0459
CALM,PERSIAN_GULF,2026-10-15,11.5,1.28,-0.35,0,1.0901
CALM,PERSIAN_GULF,2026-10-16,12.4,0.4,-0.28,0,1.0261
CALM,PERSIAN_GULF,2026-10-17,9.6,1.07,-0.71,0,1.0681
CALM,PERSIAN_GULF,2026-10-18,12.7,1.06,-0.24,0,1.0726
CALM,PERSIAN_GULF,2026-10-19,2.0,0.73,-1.29,0,1.0348
CALM,PERSIAN_GULF,2026-10-20,2.0,0.44,0.45,0,1.0166
CALM,PERSIAN_GULF,2026-10-21,8.9,0.55,-0.02,0,1.0286
CALM,PERSIAN_GULF,2026-10-22,3.6,0.95,-1.32,0,1.0522
CALM,PERSIAN_GULF,2026-10-23,8.5,0.32,0.08,0,1.0156
CALM,PERSIAN_GULF,2026-10-24,10.5,0.86,0.95,0,1.0526
CALM,PERSIAN_GULF,2026-10-25,4.4,0.72,-0.73,0,1.035
CALM,PERSIAN_GULF,2026-10-26,2.1,0.87,-0.07,0,1.0452
CALM,PERSIAN_GULF,2026-10-27,18.4,0.89,-0.33,0,1.0729
CALM,PERSIAN_GULF,2026-10-28,7.0,0.94,1.13,0,1.0537
CALM,PERSIAN_GULF,2026-10-29,3.8,1.0,-0.49,0,1.0563
CALM,PERSIAN_GULF,2026-10-30,2.1,0.8,-0.13,0,1.0397
CALM,PERSIAN_GULF,2026-10-31,9.0,0.36,0.16,0,1.0182
CALM,PERSIAN_GULF,2026-11-01,14.0,0.38,-0.6,0,1.0285
CALM,PERSIAN_GULF,2026-11-02,6.4,0.77,0.68,0,1.0404
CALM,PERSIAN_GULF,2026-11-03,14.4,1.24,-0.33,0,1.0925
CALM,PERSIAN_GULF,2026-11-04,9.1,0.6,0.62,0,1.0322
CALM,PERSIAN_GULF,2026-11-05,6.6,1.12,0.47,0,1.0687
CALM,PERSIAN_GULF,2026-11-06,9.3,0.86,-0.13,0,1.0509
CALM,PERSIAN_GULF,2026-11-07,12.1,0.2,-0.54,0,1.0167
CALM,PERSIAN_GULF,2026-11-08,11.5,2.05,0.65,0,1.1722
CALM,PERSIAN_GULF,2026-11-09,13.3,0.26,-0.87,0,1.0216
CALM,PERSIAN_GULF,2026-11-10,8.5,0.77,0.02,0,1.0428
CALM,PERSIAN_GULF,2026-11-11,5.8,0.95,-0.39,0,1.0538
CALM,PERSIAN_GULF,2026-11-12,9.6,1.17,0.01,0,1.0766
CALM,PERSIAN_GULF,2026-11-13,9.0,0.2,0.48,0,1.0113
CALM,RED_SEA,2026-09-15,10.3,1.24,0.29,0,1.0847
CALM,RED_SEA,2026-09-16,10.5,0.65,-0.17,0,1.0379
CALM,RED_SEA,2026-09-17,11.5,0.2,-0.29,0,1.0154
CALM,RED_SEA,2026-09-18,5.2,0.65,-0.16,0,1.0312
CALM,RED_SEA,2026-09-19,6.0,0.28,0.63,0,1.0113
CALM,RED_SEA,2026-09-20,6.9,0.53,0.33,0,1.0252
CALM,RED_SEA,2026-09-21,8.5,1.09,0.41,0,1.0682
CALM,RED_SEA,2026-09-22,19.5,1.34,-0.19,0,1.1153
CALM,RED_SEA,2026-09-23,16.4,0.6,1.12,0,1.0469
CALM,RED_SEA,2026-09-24,3.5,2.34,-1.18,0,1.198
CALM,RED_SEA,2026-09-25,12.7,0.2,-0.22,0,1.0178
CALM,RED_SEA,2026-09-26,13.4,0.37,0.57,0,1.0265
CALM,RED_SEA,2026-09-27,7.7,0.78,-0.24,0,1.0425
CALM,RED_SEA,2026-09-28,8.9,0.38,-0.05,0,1.0191
CALM,RED_SEA,2026-09-29,9.6,0.44,-0.72,0,1.0232
CALM,RED_SEA,2026-09-30,3.5,1.43,1.45,0,1.0953
CALM,RED_SEA,2026-10-01,8.6,0.74,0.04,0,1.0407
CALM,RED_SEA,2026-10-02,9.9,0.26,0.37,0,1.0153
CALM,RED_SEA,2026-10-03,4.8,0.44,0.05,0,1.018
CALM,RED_SEA,2026-10-04,3.6,1.14,0.6,0,1.0678
CALM,RED_SEA,2026-10-05,5.6,0.84,0.16,0,1.0447
CALM,RED_SEA,2026-10-06,13.2,0.97,0.44,0,1.0668
CALM,RED_SEA,2026-10-07,15.3,1.34,0.1,0,1.1045
CALM,RED_SEA,2026-10-08,10.8,1.2,-1.02,0,1.082
CALM,RED_SEA,2026-10-09,12.7,1.53,-0.4,0,1.1168
CALM,RED_SEA,2026-10-10,5.8,1.68,-0.02,0,1.1229
CALM,RED_SEA,2026-10-11,15.1,0.79,-0.43,0,1.0567
CALM,RED_SEA,2026-10-12,13.6,1.08,-1.29,0,1.0766
CALM,RED_SEA,2026-10-13,11.6,1.08,-0.6,0,1.0726
CALM,RED_SEA,2026-10-14,13.0,1.16,-1.13,0,1.0824
CALM,RED_SEA,2026-10-15,4.0,0.84,0.86,0,1.0434
CALM,RED_SEA,2026-10-16,11.0,0.5,0.18,0,1.0289
CALM,RED_SEA,2026-10-17,8.8,0.2,0.89,0,1.0111
CALM,RED_SEA,2026-10-18,8.8,1.15,-0.03,0,1.0744
CALM,RED_SEA,2026-10-19,14.2,1.14,-0.7,0,1.0833
CALM,RED_SEA,2026-10-20,5.7,0.81,0.09,0,1.0428
CALM,RED_SEA,2026-10-21,22.8,0.38,-0.95,0,1.0543
CALM,RED_SEA,2026-10-22,5.5,1.27,0.34,0,1.0807
CALM,RED_SEA,2026-10-23,11.8,1.02,-0.55,0,1.0675
CALM,RED_SEA,2026-10-24,15.6,0.6,1.03,0,1.0451
CALM,RED_SEA,2026-10-25,10.8,1.37,0.39,0,1.0979
CALM,RED_SEA,2026-10-26,9.7,0.91,0.05,0,1.0557
CALM,RED_SEA,2026-10-27,19.0,0.93,0.57,0,1.0787
CALM,RED_SEA,2026-10-28,6.2,1.76,-0.45,0,1.1319
CALM,RED_SEA,2026-10-29,16.1,0.2,0.35,0,1.0256
CALM,RED_SEA,2026-10-30,10.8,1.1,0.15,0,1.0731
CALM,RED_SEA,2026-10-31,12.8,0.42,-0.47,0,1.0281
CALM,RED_SEA,2026-11-01,7.7,1.19,-1.06,0,1.0765
CALM,RED_SEA,2026-11-02,16.1,2.4,0.35,0,1.2246
CALM,RED_SEA,2026-11-03,7.9,0.59,0.55,0,1.0296
CALM,RED_SEA,2026-11-04,8.5,0.71,0.34,0,1.0387
CALM,RED_SEA,2026-11-05,10.0,2.2,0.21,0,1.1875
CALM,RED_SEA,2026-11-06,6.5,1.47,-0.08,0,1.1013
CALM,RED_SEA,2026-11-07,15.4,0.81,1.0,0,1.0587
CALM,RED_SEA,2026-11-08,5.6,0.75,-0.21,0,1.0381
CALM,RED_SEA,2026-11-09,17.1,0.73,-0.25,0,1.0574
CALM,RED_SEA,2026-11-10,9.2,0.76,0.45,0,1.0434
CALM,RED_SEA,2026-11-11,6.5,1.56,-0.02,0,1.1104
CALM,RED_SEA,2026-11-12,13.3,0.81,-0.17,0,1.0544
CALM,RED_SEA,2026-11-13,13.0,1.75,0.23,0,1.1413
CALM,MEDITERRANEAN,2026-09-15,2.0,1.48,-0.57,0,1.0996
CALM,MEDITERRANEAN,2026-09-16,2.9,1.7,-0.24,0,1.1223
CALM,MEDITERRANEAN,2026-09-17,5.4,0.93,0.48,0,1.0515
CALM,MEDITERRANEAN,2026-09-18,17.2,1.78,-0.07,0,1.1543
CALM,MEDITERRANEAN,2026-09-19,2.0,0.6,0.22,0,1.0256
CALM,MEDITERRANEAN,2026-09-20,14.3,0.88,-0.0,0,1.062
CALM,MEDITERRANEAN,2026-09-21,13.6,0.93,0.3,0,1.0638
CALM,MEDITERRANEAN,2026-09-22,12.3,0.53,-0.5,0,1.0331
CALM,MEDITERRANEAN,2026-09-23,17.9,1.09,1.08,0,1.0884
CALM,MEDITERRANEAN,2026-09-24,2.0,0.54,0.11,0,1.0222
CALM,MEDITERRANEAN,2026-09-25,11.0,0.2,0.99,0,1.0146
CALM,MEDITERRANEAN,2026-09-26,8.9,2.25,-0.05,0,1.1916
CALM,MEDITERRANEAN,2026-09-27,14.0,0.2,-1.06,0,1.0207
CALM,MEDITERRANEAN,2026-09-28,6.0,1.43,-0.11,0,1.0968
CALM,MEDITERRANEAN,2026-09-29,3.9,0.94,-0.28,0,1.0515
CALM,MEDITERRANEAN,2026-09-30,24.8,1.37,-0.24,0,1.1374
CALM,MEDITERRANEAN,2026-10-01,3.9,2.65,0.51,0,1.2391
CALM,MEDITERRANEAN,2026-10-02,5.0,0.31,0.01,0,1.0114
CALM,MEDITERRANEAN,2026-10-03,14.3,1.36,-0.0,0,1.1038
CALM,MEDITERRANEAN,2026-10-04,13.9,1.47,0.37,0,1.1132
CALM,MEDITERRANEAN,2026-10-05,14.5,1.44,-0.23,0,1.1119
CALM,MEDITERRANEAN,2026-10-06,3.7,0.86,0.4,0,1.0449
CALM,MEDITERRANEAN,2026-10-07,16.3,1.34,-0.47,0,1.1065
CALM,MEDITERRANEAN,2026-10-08,19.1,1.15,-0.3,0,1.0975
CALM,MEDITERRANEAN,2026-10-09,16.4,0.53,-0.11,0,1.0427
CALM,MEDITERRANEAN,2026-10-10,15.1,1.49,-0.79,0,1.1181
CALM,MEDITERRANEAN,2026-10-11,8.4,2.18,-1.12,0,1.1822
CALM,MEDITERRANEAN,2026-10-12,2.0,3.04,0.19,0,1.2925
CALM,MEDITERRANEAN,2026-10-13,13.9,1.29,-0.43,0,1.0965
CALM,MEDITERRANEAN,2026-10-14,13.8,1.81,-1.43,0,1.1493
CALM,MEDITERRANEAN,2026-10-15,14.0,1.52,-0.63,0,1.1185
CALM,MEDITERRANEAN,2026-10-16,12.9,0.72,0.99,0,1.0468
CALM,MEDITERRANEAN,2026-10-17,11.0,1.57,0.25,0,1.1177
CALM,MEDITERRANEAN,2026-10-18,7.3,1.89,-0.92,0,1.1472
CALM,MEDITERRANEAN,2026-10-19,9.9,3.35,0.04,0,1.3452
CALM,MEDITERRANEAN,2026-10-20,13.8,0.89,0.18,0,1.0617
CALM,MEDITERRANEAN,2026-10-21,16.1,1.64,0.28,0,1.1358
CALM,MEDITERRANEAN,2026-10-22,8.0,1.76,-0.52,0,1.1334
CALM,MEDITERRANEAN,2026-10-23,4.8,0.75,1.21,0,1.0374
CALM,MEDITERRANEAN,2026-10-24,13.3,1.25,0.27,0,1.0911
CALM,MEDITERRANEAN,2026-10-25,9.2,0.96,-0.48,0,1.0584
CALM,MEDITERRANEAN,2026-10-26,16.5,1.2,0.72,0,1.0936
CALM,MEDITERRANEAN,2026-10-27,11.3,2.41,-0.03,0,1.2159
CALM,MEDITERRANEAN,2026-10-28,25.4,0.42,-0.01,0,1.0669
CALM,MEDITERRANEAN,2026-10-29,17.5,1.61,-0.3,0,1.1369
CALM,MEDITERRANEAN,2026-10-30,5.8,0.2,0.71,0,1.0076
CALM,MEDITERRANEAN,2026-10-31,7.6,2.43,-0.56,0,1.2129
CALM,MEDITERRANEAN,2026-11-01,4.7,1.07,-0.31,0,1.063
CALM,MEDITERRANEAN,2026-11-02,6.7,2.64,-0.2,0,1.2389
CALM,MEDITERRANEAN,2026-11-03,18.1,0.85,1.1,0,1.0695
CALM,MEDITERRANEAN,2026-11-04,19.9,1.86,-0.8,0,1.171
CALM,MEDITERRANEAN,2026-11-05,8.1,1.6,-0.29,0,1.1169
CALM,MEDITERRANEAN,2026-11-06,12.1,0.78,0.49,0,1.0493
CALM,MEDITERRANEAN,2026-11-07,11.3,3.17,-0.31,0,1.321
CALM,MEDITERRANEAN,2026-11-08,3.2,2.61,0.48,0,1.2334
CALM,MEDITERRANEAN,2026-11-09,17.1,1.57,-0.24,0,1.1315
CALM,MEDITERRANEAN,2026-11-10,13.8,0.43,0.88,0,1.0307
CALM,MEDITERRANEAN,2026-11-11,10.9,1.65,-0.03,0,1.1264
CALM,MEDITERRANEAN,2026-11-12,19.2,1.52,-0.28,0,1.1324
CALM,MEDITERRANEAN,2026-11-13,11.9,2.94,0.26,0,1.289
CALM,ATLANTIC,2026-09-15,16.4,1.75,-0.95,0,1.1487
CALM,ATLANTIC,2026-09-16,3.5,1.16,-0.61,0,1.07
CALM,ATLANTIC,2026-09-17,23.8,1.24,-0.03,0,1.1216
CALM,ATLANTIC,2026-09-18,20.2,1.12,0.93,0,1.0978
CALM,ATLANTIC,2026-09-19,14.0,4.94,0.41,0,1.6203
CALM,ATLANTIC,2026-09-20,16.0,0.2,1.01,0,1.0255
CALM,ATLANTIC,2026-09-21,5.6,2.09,0.22,0,1.1691
CALM,ATLANTIC,2026-09-22,5.2,1.24,-1.06,0,1.078
CALM,ATLANTIC,2026-09-23,30.9,1.28,0.06,0,1.1561
CALM,ATLANTIC,2026-09-24,28.5,1.84,-0.96,0,1.202
CALM,ATLANTIC,2026-09-25,20.9,3.32,0.99,0,1.3674
CALM,ATLANTIC,2026-09-26,9.1,3.58,-0.06,0,1.3792
CALM,ATLANTIC,2026-09-27,9.6,4.27,-0.35,0,1.4928
CALM,ATLANTIC,2026-09-28,10.5,4.2,0.07,0,1.4816
CALM,ATLANTIC,2026-09-29,15.2,1.85,-0.56,0,1.1568
CALM,ATLANTIC,2026-09-30,15.0,2.29,-0.3,0,1.2093
CALM,ATLANTIC,2026-10-01,18.0,2.42,0.24,0,1.2335
CALM,ATLANTIC,2026-10-02,16.8,3.37,0.57,0,1.3632
CALM,ATLANTIC,2026-10-03,23.5,2.44,-1.05,0,1.2536
CALM,ATLANTIC,2026-10-04,12.4,2.8,-0.46,0,1.2701
CALM,ATLANTIC,2026-10-05,22.6,0.72,0.08,0,1.0745
CALM,ATLANTIC,2026-10-06,30.6,0.29,0.24,0,1.0837
CALM,ATLANTIC,2026-10-07,11.4,2.58,-0.15,0,1.2379
CALM,ATLANTIC,2026-10-08,16.1,4.39,0.33,0,1.5266
CALM,ATLANTIC,2026-10-09,16.7,4.7,0.33,0,1.5828
CALM,ATLANTIC,2026-10-10,17.3,3.8,-0.4,0,1.4314
CALM,ATLANTIC,2026-10-11,36.0,0.2,-0.24,0,1.1083
CALM,ATLANTIC,2026-10-12,11.5,0.2,-0.36,0,1.0154
CALM,ATLANTIC,2026-10-13,13.2,2.85,-0.35,0,1.279
CALM,ATLANTIC,2026-10-14,19.4,3.67,0.72,0,1.4174
CALM,ATLANTIC,2026-10-15,16.2,3.43,0.23,0,1.371
CALM,ATLANTIC,2026-10-16,22.9,1.48,0.17,0,1.1411
CALM,ATLANTIC,2026-10-17,19.0,2.06,0.15,0,1.1916
CALM,ATLANTIC,2026-10-18,23.7,3.09,0.67,0,1.3439
CALM,ATLANTIC,2026-10-19,24.4,2.87,-1.81,0,1.3158
CALM,ATLANTIC,2026-10-20,19.9,3.42,0.21,0,1.3798
CALM,ATLANTIC,2026-10-21,21.5,2.05,-0.1,0,1.1984
CALM,ATLANTIC,2026-10-22,14.1,1.84,0.09,0,1.1535
CALM,ATLANTIC,2026-10-23,29.1,1.97,-0.0,0,1.2198
CALM,ATLANTIC,2026-10-24,29.1,2.28,-0.33,0,1.2573
CALM,ATLANTIC,2026-10-25,17.7,1.71,-0.13,0,1.1476
CALM,ATLANTIC,2026-10-26,18.1,2.74,-0.5,0,1.2759
CALM,ATLANTIC,2026-10-27,25.4,2.69,1.06,0,1.294
CALM,ATLANTIC,2026-10-28,16.6,3.44,0.93,0,1.3722
CALM,ATLANTIC,2026-10-29,9.4,2.0,-0.05,0,1.1626
CALM,ATLANTIC,2026-10-30,14.0,4.12,-0.21,0,1.4758
CALM,ATLANTIC,2026-10-31,30.4,2.72,1.37,0,1.321
CALM,ATLANTIC,2026-11-01,20.0,2.63,-0.7,0,1.2664
CALM,ATLANTIC,2026-11-02,10.3,4.24,0.15,0,1.4884
CALM,ATLANTIC,2026-11-03,24.5,0.2,0.24,0,1.0529
CALM,ATLANTIC,2026-11-04,20.1,4.42,0.76,0,1.5427
CALM,ATLANTIC,2026-11-05,7.6,1.23,0.48,0,1.0796
CALM,ATLANTIC,2026-11-06,20.1,1.47,0.01,0,1.1307
CALM,ATLANTIC,2026-11-07,9.5,2.64,-0.46,0,1.2432
CALM,ATLANTIC,2026-11-08,10.4,3.18,0.54,0,1.32
CALM,ATLANTIC,2026-11-09,12.8,2.77,0.66,0,1.2669
CALM,ATLANTIC,2026-11-10,31.9,1.02,0.7,0,1.1378
CALM,ATLANTIC,2026-11-11,18.5,1.85,0.2,0,1.1663
CALM,ATLANTIC,2026-11-12,16.5,3.67,-0.59,0,1.4091
CALM,ATLANTIC,2026-11-13,32.9,3.13,-0.18,0,1.392
CALM,NORTH_SEA,2026-09-15,24.4,0.2,0.39,0,1.0527
CALM,NORTH_SEA,2026-09-16,21.5,2.05,0.63,0,1.1983
CALM,NORTH_SEA,2026-09-17,6.6,3.33,0.15,0,1.3371
CALM,NORTH_SEA,2026-09-18,8.6,5.31,1.4,0,1.65
CALM,NORTH_SEA,2026-09-19,7.9,2.59,-0.11,0,1.2336
CALM,NORTH_SEA,2026-09-20,11.3,2.73,0.9,0,1.2577
CALM,NORTH_SEA,2026-09-21,16.2,0.54,0.11,0,1.0431
CALM,NORTH_SEA,2026-09-22,22.1,1.93,-0.82,0,1.1862
CALM,NORTH_SEA,2026-09-23,16.1,1.83,1.03,0,1.1569
CALM,NORTH_SEA,2026-09-24,29.9,0.2,-0.16,0,1.0765
CALM,NORTH_SEA,2026-09-25,13.1,1.98,0.18,0,1.1671
CALM,NORTH_SEA,2026-09-26,14.6,2.24,-0.8,0,1.201
CALM,NORTH_SEA,2026-09-27,18.6,3.27,0.86,0,1.3525
CALM,NORTH_SEA,2026-09-28,12.8,2.47,-0.27,0,1.2261
CALM,NORTH_SEA,2026-09-29,12.9,0.4,-0.37,0,1.0272
CALM,NORTH_SEA,2026-09-30,11.8,4.56,-0.38,0,1.5469
CALM,NORTH_SEA,2026-10-01,37.1,1.37,0.28,0,1.1983
CALM,NORTH_SEA,2026-10-02,6.9,2.0,0.62,0,1.1591
CALM,NORTH_SEA,2026-10-03,31.9,5.91,-0.15,0,1.65
CALM,NORTH_SEA,2026-10-04,4.8,1.39,0.58,0,1.0919
CALM,NORTH_SEA,2026-10-05,26.9,2.36,-0.83,0,1.2572
CALM,NORTH_SEA,2026-10-06,23.6,3.15,0.68,0,1.3521
CALM,NORTH_SEA,2026-10-07,24.3,1.49,-0.3,0,1.147
CALM,NORTH_SEA,2026-10-08,17.3,3.81,0.9,0,1.4323
CALM,NORTH_SEA,2026-10-09,2.0,2.59,-0.97,0,1.2289
CALM,NORTH_SEA,2026-10-10,20.0,1.1,-1.33,0,1.0953
CALM,NORTH_SEA,2026-10-11,18.3,4.85,0.11,0,1.6145
CALM,NORTH_SEA,2026-10-12,18.0,1.58,0.19,0,1.1354
CALM,NORTH_SEA,2026-10-13,25.4,2.26,0.4,0,1.2389
CALM,NORTH_SEA,2026-10-14,26.1,3.6,0.28,0,1.4304
CALM,NORTH_SEA,2026-10-15,11.5,3.53,0.3,0,1.3761
CALM,NORTH_SEA,2026-10-16,17.8,1.65,-0.57,0,1.142
CALM,NORTH_SEA,2026-10-17,23.2,0.77,0.21,0,1.08
CALM,NORTH_SEA,2026-10-18,14.0,1.95,1.1,0,1.166
CALM,NORTH_SEA,2026-10-19,5.8,3.96,-1.18,0,1.4362
CALM,NORTH_SEA,2026-10-20,24.3,1.84,0.88,0,1.1851
CALM,NORTH_SEA,2026-10-21,25.2,1.35,-0.15,0,1.1371
CALM,NORTH_SEA,2026-10-22,13.7,3.11,-0.61,0,1.3167
CALM,NORTH_SEA,2026-10-23,20.2,3.56,0.17,0,1.4027
CALM,NORTH_SEA,2026-10-24,17.1,1.18,0.37,0,1.0942
CALM,NORTH_SEA,2026-10-25,13.9,1.72,0.68,0,1.1397
CALM,NORTH_SEA,2026-10-26,19.3,4.35,-0.09,0,1.5289
CALM,NORTH_SEA,2026-10-27,14.0,2.05,-0.36,0,1.1775
CALM,NORTH_SEA,2026-10-28,20.8,3.68,-0.07,0,1.4229
CALM,NORTH_SEA,2026-10-29,19.0,1.46,-0.16,0,1.1263
CALM,NORTH_SEA,2026-10-30,11.3,3.06,0.27,0,1.3052
CALM,NORTH_SEA,2026-10-31,20.6,2.22,-0.87,0,1.2155
CALM,NORTH_SEA,2026-11-01,6.8,1.55,0.08,0,1.1095
CALM,NORTH_SEA,2026-11-02,11.2,4.09,-0.23,0,1.4645
CALM,NORTH_SEA,2026-11-03,23.5,1.59,-0.16,0,1.154
CALM,NORTH_SEA,2026-11-04,19.2,3.16,0.61,0,1.3377
CALM,NORTH_SEA,2026-11-05,27.6,4.89,0.63,0,1.65
CALM,NORTH_SEA,2026-11-06,16.1,1.71,-0.63,0,1.1438
CALM,NORTH_SEA,2026-11-07,25.4,3.51,0.95,0,1.4137
CALM,NORTH_SEA,2026-11-08,20.7,2.05,-0.31,0,1.1958
CALM,NORTH_SEA,2026-11-09,20.2,4.34,0.04,0,1.53
CALM,NORTH_SEA,2026-11-10,11.3,0.2,-0.22,0,1.0151
CALM,NORTH_SEA,2026-11-11,32.7,2.72,-0.41,0,1.3324
CALM,NORTH_SEA,2026-11-12,27.4,3.19,0.2,0,1.374
CALM,NORTH_SEA,2026-11-13,25.0,4.53,-1.03,0,1.5795
CALM,SOUTH_CHINA_SEA,2026-09-15,8.0,1.89,0.44,0,1.1485
CALM,SOUTH_CHINA_SEA,2026-09-16,11.8,1.78,0.23,0,1.1417
CALM,SOUTH_CHINA_SEA,2026-09-17,20.6,1.79,-1.19,0,1.1653
CALM,SOUTH_CHINA_SEA,2026-09-18,18.8,1.72,-0.45,0,1.1519
CALM,SOUTH_CHINA_SEA,2026-09-19,11.5,1.2,-1.4,0,1.083
CALM,SOUTH_CHINA_SEA,2026-09-20,17.9,1.36,-0.08,0,1.1131
CALM,SOUTH_CHINA_SEA,2026-09-21,2.0,2.03,0.41,0,1.1598
CALM,SOUTH_CHINA_SEA,2026-09-22,14.6,0.29,-0.53,0,1.0257
CALM,SOUTH_CHINA_SEA,2026-09-23,9.9,2.13,-0.41,0,1.1789
CALM,SOUTH_CHINA_SEA,2026-09-24,21.6,1.4,0.33,0,1.1286
CALM,SOUTH_CHINA_SEA,2026-09-25,14.7,2.92,0.22,0,1.2913
CALM,SOUTH_CHINA_SEA,2026-09-26,14.7,2.14,0.07,0,1.1898
CALM,SOUTH_CHINA_SEA,2026-09-27,11.6,1.36,-0.14,0,1.0983
CALM,SOUTH_CHINA_SEA,2026-09-28,24.7,0.67,0.74,0,1.0792
CALM,SOUTH_CHINA_SEA,2026-09-29,12.8,1.77,-0.01,0,1.1432
CALM,SOUTH_CHINA_SEA,2026-09-30,18.5,1.15,-0.37,0,1.0949
CALM,SOUTH_CHINA_SEA,2026-10-01,9.8,2.18,1.95,0,1.1848
CALM,SOUTH_CHINA_SEA,2026-10-02,11.3,2.56,0.24,0,1.2356
CALM,SOUTH_CHINA_SEA,2026-10-03,22.9,0.88,0.17,0,1.0872
CALM,SOUTH_CHINA_SEA,2026-10-04,15.7,0.71,0.05,0,1.0527
CALM,SOUTH_CHINA_SEA,2026-10-05,19.1,2.06,-0.29,0,1.1917
CALM,SOUTH_CHINA_SEA,2026-10-06,12.0,2.0,-0.42,0,1.1675
CALM,SOUTH_CHINA_SEA,2026-10-07,4.6,0.34,-0.09,0,1.0126
CALM,SOUTH_CHINA_SEA,2026-10-08,4.7,2.52,-0.27,0,1.2212
CALM,SOUTH_CHINA_SEA,2026-10-09,12.5,0.99,-0.0,0,1.067
CALM,SOUTH_CHINA_SEA,2026-10-10,17.4,2.04,-0.77,0,1.1846
CALM,SOUTH_CHINA_SEA,2026-10-11,17.9,2.02,0.74,0,1.1833
CALM,SOUTH_CHINA_SEA,2026-10-12,14.8,2.32,-0.98,0,1.2115
CALM,SOUTH_CHINA_SEA,2026-10-13,12.5,2.16,-0.22,0,1.1866
CALM,SOUTH_CHINA_SEA,2026-10-14,17.0,1.59,-0.15,0,1.1336
CALM,SOUTH_CHINA_SEA,2026-10-15,17.4,1.04,-0.3,0,1.0823
CALM,SOUTH_CHINA_SEA,2026-10-16,15.5,0.96,-0.34,0,1.0709
CALM,SOUTH_CHINA_SEA,2026-10-17,8.1,1.65,0.65,0,1.1217
CALM,SOUTH_CHINA_SEA,2026-10-18,10.4,1.6,0.98,0,1.1202
CALM,SOUTH_CHINA_SEA,2026-10-19,12.4,1.36,0.57,0,1.0993
CALM,SOUTH_CHINA_SEA,2026-10-20,23.1,0.2,-0.36,0,1.0475
CALM,SOUTH_CHINA_SEA,2026-10-21,9.5,0.76,-0.38,0,1.0439
CALM,SOUTH_CHINA_SEA,2026-10-22,17.6,1.67,-0.02,0,1.1435
CALM,SOUTH_CHINA_SEA,2026-10-23,18.1,0.45,0.04,0,1.043
CALM,SOUTH_CHINA_SEA,2026-10-24,17.6,0.2,-0.6,0,1.0297
CALM,SOUTH_CHINA_SEA,2026-10-25,11.3,1.6,-0.97,0,1.1217
CALM,SOUTH_CHINA_SEA,2026-10-26,13.1,0.2,-1.48,0,1.0187
CALM,SOUTH_CHINA_SEA,2026-10-27,18.0,0.39,-0.18,0,1.0392
CALM,SOUTH_CHINA_SEA,2026-10-28,16.2,2.57,0.86,0,1.2471
CALM,SOUTH_CHINA_SEA,2026-10-29,14.6,1.03,-0.41,0,1.0746
CALM,SOUTH_CHINA_SEA,2026-10-30,19.6,2.6,0.76,0,1.2617
CALM,SOUTH_CHINA_SEA,2026-10-31,3.3,1.03,0.09,0,1.0585
CALM,SOUTH_CHINA_SEA,2026-11-01,11.9,2.41,1.04,0,1.2173
CALM,SOUTH_CHINA_SEA,2026-11-02,6.7,0.85,-0.18,0,1.0466
CALM,SOUTH_CHINA_SEA,2026-11-03,2.0,1.75,-0.58,0,1.1273
CALM,SOUTH_CHINA_SEA,2026-11-04,18.6,1.94,-1.07,0,1.1769
CALM,SOUTH_CHINA_SEA,2026-11-05,14.5,1.07,-0.37,0,1.0777
CALM,SOUTH_CHINA_SEA,2026-11-06,3.3,2.93,-0.72,0,1.2768
CALM,SOUTH_CHINA_SEA,2026-11-07,16.6,0.92,-0.66,0,1.071
CALM,SOUTH_CHINA_SEA,2026-11-08,8.4,1.69,0.53,0,1.1264
CALM,SOUTH_CHINA_SEA,2026-11-09,21.6,2.13,1.22,0,1.2083
CALM,SOUTH_CHINA_SEA,2026-11-10,18.1,1.82,0.48,0,1.161
CALM,SOUTH_CHINA_SEA,2026-11-11,8.7,2.41,-0.38,0,1.2124
CALM,SOUTH_CHINA_SEA,2026-11-12,2.0,0.84,-0.2,0,1.0428
CALM,SOUTH_CHINA_SEA,2026-11-13,11.9,2.02,0.28,0,1.1688
ROUGH,ARABIAN_SEA,2026-09-15,18.4,2.0,-0.21,0,1.1826
ROUGH,ARABIAN_SEA,2026-09-16,25.4,1.94,-1.08,0,1.1995
ROUGH,ARABIAN_SEA,2026-09-17,23.4,2.5,0.11,0,1.2613
ROUGH,ARABIAN_SEA,2026-09-18,23.7,2.07,0.16,0,1.2093
ROUGH,ARABIAN_SEA,2026-09-19,25.2,2.66,0.92,0,1.2892
ROUGH,ARABIAN_SEA,2026-09-20,19.0,3.78,-0.49,0,1.4333
ROUGH,ARABIAN_SEA,2026-09-21,15.6,2.94,-1.34,0,1.2971
ROUGH,ARABIAN_SEA,2026-09-22,26.5,3.43,0.69,0,1.4058
ROUGH,ARABIAN_SEA,2026-09-23,25.6,2.9,0.29,0,1.3244
ROUGH,ARABIAN_SEA,2026-09-24,20.3,2.72,0.36,0,1.2801
ROUGH,ARABIAN_SEA,2026-09-25,27.6,3.54,-0.6,0,1.4272
ROUGH,ARABIAN_SEA,2026-09-26,23.3,3.0,-0.7,0,1.3297
ROUGH,ARABIAN_SEA,2026-09-27,21.7,2.05,-0.09,0,1.1993
ROUGH,ARABIAN_SEA,2026-09-28,13.3,2.18,0.78,0,1.1912
ROUGH,ARABIAN_SEA,2026-09-29,21.4,3.24,0.62,0,1.3575
ROUGH,ARABIAN_SEA,2026-09-30,13.7,3.58,0.67,0,1.3881
ROUGH,ARABIAN_SEA,2026-10-01,12.0,2.81,-0.63,0,1.27
ROUGH,ARABIAN_SEA,2026-10-02,20.1,2.33,0.99,0,1.2275
ROUGH,ARABIAN_SEA,2026-10-03,25.9,2.26,-0.57,0,1.2403
ROUGH,ARABIAN_SEA,2026-10-04,21.2,2.03,0.23,0,1.1953
ROUGH,ARABIAN_SEA,2026-10-05,23.4,2.56,0.03,0,1.2686
ROUGH,ARABIAN_SEA,2026-10-06,13.5,1.89,0.26,0,1.1576
ROUGH,ARABIAN_SEA,2026-10-07,25.1,3.41,-0.43,0,1.3974
ROUGH,ARABIAN_SEA,2026-10-08,21.9,2.59,-1.29,0,1.2679
ROUGH,ARABIAN_SEA,2026-10-09,12.5,3.79,0.53,0,1.4181
ROUGH,ARABIAN_SEA,2026-10-10,17.8,1.95,0.23,0,1.1751
ROUGH,ARABIAN_SEA,2026-10-11,23.8,2.83,-0.56,0,1.3068
ROUGH,ARABIAN_SEA,2026-10-12,18.3,3.68,-0.35,0,1.4149
ROUGH,ARABIAN_SEA,2026-10-13,6.5,2.4,-0.06,0,1.2078
ROUGH,ARABIAN_SEA,2026-10-14,22.5,3.9,-0.87,0,1.4637
ROUGH,ARABIAN_SEA,2026-10-15,22.5,3.51,-0.37,0,1.4026
ROUGH,ARABIAN_SEA,2026-10-16,16.4,2.68,0.49,0,1.2627
ROUGH,ARABIAN_SEA,2026-10-17,17.0,2.99,-0.92,0,1.3077
ROUGH,ARABIAN_SEA,2026-10-18,17.8,2.63,0.51,0,1.2601
ROUGH,ARABIAN_SEA,2026-10-19,18.8,2.75,0.24,0,1.2788
ROUGH,ARABIAN_SEA,2026-10-20,23.0,2.16,0.04,0,1.2176
ROUGH,ARABIAN_SEA,2026-10-21,16.4,4.1,-0.32,0,1.4774
ROUGH,ARABIAN_SEA,2026-10-22,23.1,1.81,-0.76,0,1.177
ROUGH,ARABIAN_SEA,2026-10-23,27.4,2.24,-0.4,0,1.2443
ROUGH,ARABIAN_SEA,2026-10-24,22.8,2.77,-0.12,0,1.2946
ROUGH,ARABIAN_SEA,2026-10-25,18.8,2.39,0.59,0,1.2314
ROUGH,ARABIAN_SEA,2026-10-26,21.2,3.05,0.65,0,1.329
ROUGH,ARABIAN_SEA,2026-10-27,22.1,3.45,-0.48,0,1.3922
ROUGH,ARABIAN_SEA,2026-10-28,19.3,2.18,-0.54,0,1.2067
ROUGH,ARABIAN_SEA,2026-10-29,27.1,2.95,-0.51,0,1.3375
ROUGH,ARABIAN_SEA,2026-10-30,18.9,2.22,0.3,0,1.2106
ROUGH,ARABIAN_SEA,2026-10-31,25.3,2.68,-0.29,0,1.2921
ROUGH,ARABIAN_SEA,2026-11-01,27.7,2.41,0.47,0,1.2678
ROUGH,ARABIAN_SEA,2026-11-02,13.4,3.51,-0.53,0,1.3765
ROUGH,ARABIAN_SEA,2026-11-03,17.2,3.92,-0.02,0,1.4498
ROUGH,ARABIAN_SEA,2026-11-04,26.3,3.12,-0.63,0,1.3576
ROUGH,ARABIAN_SEA,2026-11-05,16.9,4.02,0.23,0,1.4665
ROUGH,ARABIAN_SEA,2026-11-06,17.5,4.19,0.2,0,1.4968
ROUGH,ARABIAN_SEA,2026-11-07,24.6,2.6,0.21,0,1.2786
ROUGH,ARABIAN_SEA,2026-11-08,21.0,3.37,0.42,0,1.3755
ROUGH,ARABIAN_SEA,2026-11-09,25.1,3.03,0.14,0,1.3411
ROUGH,ARABIAN_SEA,2026-11-10,26.2,2.21,-0.44,0,1.235
ROUGH,ARABIAN_SEA,2026-11-11,24.6,3.22,-0.39,0,1.3668
ROUGH,ARABIAN_SEA,2026-11-12,16.7,3.85,0.26,0,1.4381
ROUGH,ARABIAN_SEA,2026-11-13,20.2,2.01,0.08,0,1.1887
ROUGH,BAY_OF_BENGAL,2026-09-15,19.8,3.64,-0.02,0,1.4131
ROUGH,BAY_OF_BENGAL,2026-09-16,27.8,3.53,0.14,0,1.4273
ROUGH,BAY_OF_BENGAL,2026-09-17,18.8,3.66,0.16,0,1.4138
ROUGH,BAY_OF_BENGAL,2026-09-18,18.1,4.42,0.46,0,1.5379
ROUGH,BAY_OF_BENGAL,2026-09-19,22.9,4.2,-0.3,0,1.5151
ROUGH,BAY_OF_BENGAL,2026-09-20,39.2,2.62,0.04,0,1.3568
ROUGH,BAY_OF_BENGAL,2026-09-21,30.1,4.31,-0.02,0,1.5642
ROUGH,BAY_OF_BENGAL,2026-09-22,32.5,4.6,0.01,0,1.6266
ROUGH,BAY_OF_BENGAL,2026-09-23,10.1,3.73,0.25,0,1.405
ROUGH,BAY_OF_BENGAL,2026-09-24,25.1,3.43,-0.08,0,1.4001
ROUGH,BAY_OF_BENGAL,2026-09-25,23.3,2.69,-0.42,0,1.2855
ROUGH,BAY_OF_BENGAL,2026-09-26,33.6,3.13,0.23,0,1.3945
ROUGH,BAY_OF_BENGAL,2026-09-27,40.3,0.27,-0.42,0,1.1378
ROUGH,BAY_OF_BENGAL,2026-09-28,27.4,2.6,2.14,0,1.2901
ROUGH,BAY_OF_BENGAL,2026-09-29,26.5,3.62,0.45,0,1.4346
ROUGH,BAY_OF_BENGAL,2026-09-30,19.2,5.25,-0.02,0,1.65
ROUGH,BAY_OF_BENGAL,2026-10-01,36.5,2.38,1.02,0,1.3087
ROUGH,BAY_OF_BENGAL,2026-10-02,23.9,2.97,-0.02,0,1.3271
ROUGH,BAY_OF_BENGAL,2026-10-03,26.4,3.82,0.47,0,1.4672
ROUGH,BAY_OF_BENGAL,2026-10-04,25.4,3.66,0.8,0,1.4361
ROUGH,BAY_OF_BENGAL,2026-10-05,30.7,3.39,-0.25,0,1.4187
ROUGH,BAY_OF_BENGAL,2026-10-06,27.4,2.98,-0.49,0,1.3434
ROUGH,BAY_OF_BENGAL,2026-10-07,17.3,3.78,-1.16,0,1.4274
ROUGH,BAY_OF_BENGAL,2026-10-08,35.2,4.86,-0.52,0,1.65
ROUGH,BAY_OF_BENGAL,2026-10-09,26.7,3.37,-0.6,0,1.3977
ROUGH,BAY_OF_BENGAL,2026-10-10,29.6,3.16,-0.65,0,1.3796
ROUGH,BAY_OF_BENGAL,2026-10-11,38.7,1.44,0.25,0,1.2146
ROUGH,BAY_OF_BENGAL,2026-10-12,26.4,4.6,-0.98,0,1.5984
ROUGH,BAY_OF_BENGAL,2026-10-13,29.6,5.06,0.74,0,1.65
ROUGH,BAY_OF_BENGAL,2026-10-14,26.6,3.97,0.38,0,1.4912
ROUGH,BAY_OF_BENGAL,2026-10-15,22.0,4.25,0.61,0,1.5201
ROUGH,BAY_OF_BENGAL,2026-10-16,59.8,10.2,0.83,1,1.65
ROUGH,BAY_OF_BENGAL,2026-10-17,32.4,5.9,0.27,0,1.65
ROUGH,BAY_OF_BENGAL,2026-10-18,36.4,3.5,0.51,0,1.4659
ROUGH,BAY_OF_BENGAL,2026-10-19,33.6,2.57,0.45,0,1.3168
ROUGH,BAY_OF_BENGAL,2026-10-20,28.5,3.07,0.63,0,1.3616
ROUGH,BAY_OF_BENGAL,2026-10-21,48.8,6.7,0.07,1,1.65
ROUGH,BAY_OF_BENGAL,2026-10-22,29.7,3.19,-0.22,0,1.3839
ROUGH,BAY_OF_BENGAL,2026-10-23,19.7,4.66,-0.01,0,1.5836
ROUGH,BAY_OF_BENGAL,2026-10-24,33.4,3.97,-0.29,0,1.5241
ROUGH,BAY_OF_BENGAL,2026-10-25,30.4,5.26,-0.15,0,1.65
ROUGH,BAY_OF_BENGAL,2026-10-26,28.0,2.65,0.87,0,1.3005
ROUGH,BAY_OF_BENGAL,2026-10-27,29.6,3.66,0.46,0,1.4548
ROUGH,BAY_OF_BENGAL,2026-10-28,22.2,3.03,0.61,0,1.3296
ROUGH,BAY_OF_BENGAL,2026-10-29,40.5,8.91,-0.64,1,1.65
ROUGH,BAY_OF_BENGAL,2026-10-30,50.3,7.91,0.16,1,1.65
ROUGH,BAY_OF_BENGAL,2026-10-31,30.3,4.34,-0.13,0,1.5713
ROUGH,BAY_OF_BENGAL,2026-11-01,27.2,3.86,-0.79,0,1.4763
ROUGH,BAY_OF_BENGAL,2026-11-02,25.5,2.61,0.65,0,1.284
ROUGH,BAY_OF_BENGAL,2026-11-03,17.7,3.15,-0.48,0,1.3327
ROUGH,BAY_OF_BENGAL,2026-11-04,28.8,1.54,-0.67,0,1.1713
ROUGH,BAY_OF_BENGAL,2026-11-05,30.7,5.17,0.73,0,1.65
ROUGH,BAY_OF_BENGAL,2026-11-06,34.0,3.66,1.81,0,1.4776
ROUGH,BAY_OF_BENGAL,2026-11-07,42.5,3.0,0.12,0,1.4299
ROUGH,BAY_OF_BENGAL,2026-11-08,27.1,3.43,-0.62,0,1.4086
ROUGH,BAY_OF_BENGAL,2026-11-09,24.4,5.82,-0.12,0,1.65
ROUGH,BAY_OF_BENGAL,2026-11-10,18.7,2.31,-0.66,0,1.2212
ROUGH,BAY_OF_BENGAL,2026-11-11,32.9,3.7,-0.1,0,1.4774
ROUGH,BAY_OF_BENGAL,2026-11-12,21.9,3.39,0.31,0,1.381
ROUGH,BAY_OF_BENGAL,2026-11-13,35.9,2.97,-0.1,0,1.3844
ROUGH,INDIAN_OCEAN,2026-09-15,11.9,2.25,-0.12,0,1.1974
ROUGH,INDIAN_OCEAN,2026-09-16,14.3,2.16,0.25,0,1.1911
ROUGH,INDIAN_OCEAN,2026-09-17,17.7,2.43,-1.44,0,1.2338
ROUGH,INDIAN_OCEAN,2026-09-18,17.0,1.28,-0.27,0,1.1026
ROUGH,INDIAN_OCEAN,2026-09-19,24.3,2.33,-0.68,0,1.2427
ROUGH,INDIAN_OCEAN,2026-09-20,20.9,2.83,0.0,0,1.2971
ROUGH,INDIAN_OCEAN,2026-09-21,18.1,2.16,0.9,0,1.2009
ROUGH,INDIAN_OCEAN,2026-09-22,10.8,2.48,1.18,0,1.2236
ROUGH,INDIAN_OCEAN,2026-09-23,17.9,2.35,0.1,0,1.2244
ROUGH,INDIAN_OCEAN,2026-09-24,20.8,3.31,0.64,0,1.3661
ROUGH,INDIAN_OCEAN,2026-09-25,19.1,1.92,0.01,0,1.176
ROUGH,INDIAN_OCEAN,2026-09-26,17.1,1.43,-0.31,0,1.117
ROUGH,INDIAN_OCEAN,2026-09-27,22.7,2.65,0.29,0,1.2788
ROUGH,INDIAN_OCEAN,2026-09-28,13.8,3.04,0.2,0,1.3067
ROUGH,INDIAN_OCEAN,2026-09-29,17.6,1.24,0.13,0,1.1008
ROUGH,INDIAN_OCEAN,2026-09-30,15.5,1.64,0.44,0,1.1342
ROUGH,INDIAN_OCEAN,2026-10-01,18.3,2.98,0.34,0,1.3103
ROUGH,INDIAN_OCEAN,2026-10-02,18.6,2.7,-0.18,0,1.2711
ROUGH,INDIAN_OCEAN,2026-10-03,11.7,2.31,0.1,0,1.2035
ROUGH,INDIAN_OCEAN,2026-10-04,16.6,2.89,-0.01,0,1.2926
ROUGH,INDIAN_OCEAN,2026-10-05,17.5,2.13,0.71,0,1.1951
ROUGH,INDIAN_OCEAN,2026-10-06,22.3,2.25,-0.49,0,1.2251
ROUGH,INDIAN_OCEAN,2026-10-07,22.2,2.16,0.4,0,1.2145
ROUGH,INDIAN_OCEAN,2026-10-08,23.6,3.15,-0.25,0,1.3522
ROUGH,INDIAN_OCEAN,2026-10-09,21.4,3.22,-0.47,0,1.354
ROUGH,INDIAN_OCEAN,2026-10-10,21.2,3.38,-0.86,0,1.3778
ROUGH,INDIAN_OCEAN,2026-10-11,19.0,1.96,-0.44,0,1.1797
ROUGH,INDIAN_OCEAN,2026-10-12,17.1,1.85,-1.2,0,1.1622
ROUGH,INDIAN_OCEAN,2026-10-13,17.7,1.73,-0.7,0,1.1507
ROUGH,INDIAN_OCEAN,2026-10-14,22.8,2.67,0.58,0,1.2814
ROUGH,INDIAN_OCEAN,2026-10-15,10.7,1.86,-0.15,0,1.1486
ROUGH,INDIAN_OCEAN,2026-10-16,19.3,2.45,0.08,0,1.2404
ROUGH,INDIAN_OCEAN,2026-10-17,27.2,2.26,-0.04,0,1.2457
ROUGH,INDIAN_OCEAN,2026-10-18,21.9,1.96,-0.22,0,1.1889
ROUGH,INDIAN_OCEAN,2026-10-19,21.6,2.82,-0.1,0,1.2981
ROUGH,INDIAN_OCEAN,2026-10-20,27.2,2.07,0.47,0,1.2233
ROUGH,INDIAN_OCEAN,2026-10-21,20.9,2.69,-0.7,0,1.278
ROUGH,INDIAN_OCEAN,2026-10-22,24.7,2.45,0.29,0,1.2598
ROUGH,INDIAN_OCEAN,2026-10-23,23.5,2.65,-0.18,0,1.2812
ROUGH,INDIAN_OCEAN,2026-10-24,19.6,1.88,0.15,0,1.1727
ROUGH,INDIAN_OCEAN,2026-10-25,13.2,2.76,0.44,0,1.2659
ROUGH,INDIAN_OCEAN,2026-10-26,22.3,2.34,0.15,0,1.2372
ROUGH,INDIAN_OCEAN,2026-10-27,25.0,3.63,0.65,0,1.4296
ROUGH,INDIAN_OCEAN,2026-10-28,23.6,1.53,0.2,0,1.1484
ROUGH,INDIAN_OCEAN,2026-10-29,24.0,1.98,-0.51,0,1.199
ROUGH,INDIAN_OCEAN,2026-10-30,13.5,2.35,0.94,0,1.2128
ROUGH,INDIAN_OCEAN,2026-10-31,21.1,2.96,0.22,0,1.3163
ROUGH,INDIAN_OCEAN,2026-11-01,24.9,2.07,0.51,0,1.2132
ROUGH,INDIAN_OCEAN,2026-11-02,24.3,1.93,0.45,0,1.1944
ROUGH,INDIAN_OCEAN,2026-11-03,36.0,8.54,0.12,1,1.65
ROUGH,INDIAN_OCEAN,2026-11-04,18.3,2.51,0.16,0,1.2459
ROUGH,INDIAN_OCEAN,2026-11-05,19.0,3.28,0.15,0,1.3556
ROUGH,INDIAN_OCEAN,2026-11-06,22.7,3.36,0.19,0,1.3796
ROUGH,INDIAN_OCEAN,2026-11-07,22.5,3.17,0.96,0,1.3505
ROUGH,INDIAN_OCEAN,2026-11-08,24.7,2.14,0.62,0,1.2214
ROUGH,INDIAN_OCEAN,2026-11-09,22.6,1.66,-0.15,0,1.1587
ROUGH,INDIAN_OCEAN,2026-11-10,20.0,3.4,0.59,0,1.377
ROUGH,INDIAN_OCEAN,2026-11-11,14.6,1.85,-0.31,0,1.1556
ROUGH,INDIAN_OCEAN,2026-11-12,26.9,2.42,-0.16,0,1.2652
ROUGH,INDIAN_OCEAN,2026-11-13,13.1,2.51,-1.28,0,1.2326
ROUGH,MALACCA,2026-09-15,18.9,1.1,0.41,0,1.0925
ROUGH,MALACCA,2026-09-16,10.5,1.65,-0.09,0,1.1252
ROUGH,MALACCA,2026-09-17,10.2,0.92,0.11,0,1.0568
ROUGH,MALACCA,2026-09-18,10.5,1.38,0.14,0,1.0983
ROUGH,MALACCA,2026-09-19,15.1,1.05,-0.32,0,1.0777
ROUGH,MALACCA,2026-09-20,13.6,0.39,-0.16,0,1.0284
ROUGH,MALACCA,2026-09-21,10.0,1.98,0.32,0,1.1609
ROUGH,MALACCA,2026-09-22,12.3,1.36,-0.06,0,1.0991
ROUGH,MALACCA,2026-09-23,18.0,0.85,0.34,0,1.069
ROUGH,MALACCA,2026-09-24,10.2,1.34,-0.35,0,1.0941
ROUGH,MALACCA,2026-09-25,12.8,1.35,-0.02,0,1.0995
ROUGH,MALACCA,2026-09-26,16.0,1.68,0.62,0,1.14
ROUGH,MALACCA,2026-09-27,13.7,1.36,-0.01,0,1.1021
ROUGH,MALACCA,2026-09-28,14.6,1.52,-0.27,0,1.1204
ROUGH,MALACCA,2026-09-29,13.5,1.28,0.33,0,1.0943
ROUGH,MALACCA,2026-09-30,19.0,1.22,-0.55,0,1.1024
ROUGH,MALACCA,2026-10-01,16.4,1.94,0.79,0,1.1698
ROUGH,MALACCA,2026-10-02,8.5,0.69,0.06,0,1.037
ROUGH,MALACCA,2026-10-03,16.5,1.3,-0.16,0,1.1035
ROUGH,MALACCA,2026-10-04,13.4,1.73,0.49,0,1.1395
ROUGH,MALACCA,2026-10-05,13.6,1.42,-0.82,0,1.108
ROUGH,MALACCA,2026-10-06,14.3,0.86,-0.22,0,1.0604
ROUGH,MALACCA,2026-10-07,9.9,0.86,-0.04,0,1.0519
ROUGH,MALACCA,2026-10-08,9.0,1.4,-0.51,0,1.0975
ROUGH,MALACCA,2026-10-09,9.7,1.37,1.09,0,1.0954
ROUGH,MALACCA,2026-10-10,14.0,1.77,-0.7,0,1.1456
ROUGH,MALACCA,2026-10-11,18.4,1.15,0.23,0,1.095
ROUGH,MALACCA,2026-10-12,17.2,1.28,0.97,0,1.1033
ROUGH,MALACCA,2026-10-13,6.6,1.45,-0.36,0,1.0991
ROUGH,MALACCA,2026-10-14,11.2,1.37,0.23,0,1.0981
ROUGH,MALACCA,2026-10-15,15.6,1.56,-0.25,0,1.1266
ROUGH,MALACCA,2026-10-16,16.1,1.55,0.06,0,1.1267
ROUGH,MALACCA,2026-10-17,14.2,1.11,-0.47,0,1.0806
ROUGH,MALACCA,2026-10-18,11.8,0.92,-0.21,0,1.0599
ROUGH,MALACCA,2026-10-19,17.9,1.94,0.36,0,1.1745
ROUGH,MALACCA,2026-10-20,15.5,0.82,-0.12,0,1.0601
ROUGH,MALACCA,2026-10-21,9.1,1.17,0.08,0,1.0761
ROUGH,MALACCA,2026-10-22,8.8,1.34,0.41,0,1.0912
ROUGH,MALACCA,2026-10-23,15.9,1.2,0.57,0,1.0926
ROUGH,MALACCA,2026-10-24,11.3,1.78,0.38,0,1.1406
ROUGH,MALACCA,2026-10-25,14.0,1.12,0.4,0,1.0809
ROUGH,MALACCA,2026-10-26,12.0,0.73,-0.02,0,1.046
ROUGH,MALACCA,2026-10-27,15.9,1.71,0.92,0,1.1435
ROUGH,MALACCA,2026-10-28,20.0,1.54,0.47,0,1.137
ROUGH,MALACCA,2026-10-29,16.7,1.73,0.71,0,1.1475
ROUGH,MALACCA,2026-10-30,15.9,1.63,0.14,0,1.135
ROUGH,MALACCA,2026-10-31,13.9,1.72,0.46,0,1.1391
ROUGH,MALACCA,2026-11-01,14.3,0.65,0.28,0,1.045
ROUGH,MALACCA,2026-11-02,15.2,1.85,0.06,0,1.1571
ROUGH,MALACCA,2026-11-03,16.8,1.27,0.61,0,1.1018
ROUGH,MALACCA,2026-11-04,16.7,1.44,0.52,0,1.117
ROUGH,MALACCA,2026-11-05,19.9,1.68,-0.2,0,1.1517
ROUGH,MALACCA,2026-11-06,12.4,1.33,-0.16,0,1.0971
ROUGH,MALACCA,2026-11-07,16.0,1.6,0.97,0,1.1317
ROUGH,MALACCA,2026-11-08,15.8,1.2,0.1,0,1.0927
ROUGH,MALACCA,2026-11-09,15.2,1.19,0.4,0,1.0898
ROUGH,MALACCA,2026-11-10,9.2,1.42,0.19,0,1.1001
ROUGH,MALACCA,2026-11-11,13.0,1.49,-1.0,0,1.1133
ROUGH,MALACCA,2026-11-12,11.3,1.89,-0.01,0,1.1536
ROUGH,MALACCA,2026-11-13,12.9,1.17,-0.01,0,1.0828
ROUGH,PERSIAN_GULF,2026-09-15,20.7,0.95,0.1,0,1.0857
ROUGH,PERSIAN_GULF,2026-09-16,12.0,1.46,-0.11,0,1.109
ROUGH,PERSIAN_GULF,2026-09-17,17.3,1.22,0.57,0,1.0983
ROUGH,PERSIAN_GULF,2026-09-18,17.2,1.1,-0.52,0,1.0874
ROUGH,PERSIAN_GULF,2026-09-19,18.1,1.39,-0.61,0,1.1163
ROUGH,PERSIAN_GULF,2026-09-20,21.2,1.49,-0.07,0,1.1359
ROUGH,PERSIAN_GULF,2026-09-21,17.4,0.68,-0.15,0,1.0547
ROUGH,PERSIAN_GULF,2026-09-22,15.3,1.04,-0.17,0,1.0768
ROUGH,PERSIAN_GULF,2026-09-23,16.3,1.41,0.06,0,1.1132
ROUGH,PERSIAN_GULF,2026-09-24,12.8,2.45,-1.43,0,1.2233
ROUGH,PERSIAN_GULF,2026-09-25,26.5,1.7,0.3,0,1.1774
ROUGH,PERSIAN_GULF,2026-09-26,16.4,0.55,0.31,0,1.0436
ROUGH,PERSIAN_GULF,2026-09-27,15.6,1.4,0.46,0,1.1103
ROUGH,PERSIAN_GULF,2026-09-28,19.7,1.1,0.19,0,1.0943
ROUGH,PERSIAN_GULF,2026-09-29,18.1,1.41,0.45,0,1.1184
ROUGH,PERSIAN_GULF,2026-09-30,22.5,1.94,-0.34,0,1.1895
ROUGH,PERSIAN_GULF,2026-10-01,14.3,0.91,0.09,0,1.0639
ROUGH,PERSIAN_GULF,2026-10-02,23.0,1.61,0.78,0,1.1545
ROUGH,PERSIAN_GULF,2026-10-03,14.3,1.68,0.03,0,1.1365
ROUGH,PERSIAN_GULF,2026-10-04,15.3,1.23,0.23,0,1.0939
ROUGH,PERSIAN_GULF,2026-10-05,18.6,1.38,-0.22,0,1.1173
ROUGH,PERSIAN_GULF,2026-10-06,13.5,1.41,-0.36,0,1.1071
ROUGH,PERSIAN_GULF,2026-10-07,13.8,2.27,-0.33,0,1.2034
ROUGH,PERSIAN_GULF,2026-10-08,16.1,1.48,-0.11,0,1.1196
ROUGH,PERSIAN_GULF,2026-10-09,10.1,1.65,-0.05,0,1.1242
ROUGH,PERSIAN_GULF,2026-10-10,16.5,0.95,0.35,0,1.0724
ROUGH,PERSIAN_GULF,2026-10-11,13.9,1.39,0.33,0,1.1052
ROUGH,PERSIAN_GULF,2026-10-12,15.1,1.45,0.23,0,1.1142
ROUGH,PERSIAN_GULF,2026-10-13,13.7,1.98,1.48,0,1.1683
ROUGH,PERSIAN_GULF,2026-10-14,22.8,1.16,-0.11,0,1.1108
ROUGH,PERSIAN_GULF,2026-10-15,20.7,1.93,0.02,0,1.1822
ROUGH,PERSIAN_GULF,2026-10-16,16.8,1.76,0.15,0,1.1512
ROUGH,PERSIAN_GULF,2026-10-17,19.0,1.32,-0.58,0,1.1123
ROUGH,PERSIAN_GULF,2026-10-18,25.5,1.12,-0.67,0,1.1173
ROUGH,PERSIAN_GULF,2026-10-19,23.7,2.54,-0.08,0,1.2671
ROUGH,PERSIAN_GULF,2026-10-20,24.0,1.53,-0.4,0,1.1499
ROUGH,PERSIAN_GULF,2026-10-21,11.0,2.21,-0.03,0,1.191
ROUGH,PERSIAN_GULF,2026-10-22,12.8,1.38,0.55,0,1.1024
ROUGH,PERSIAN_GULF,2026-10-23,26.7,1.09,-0.24,0,1.1199
ROUGH,PERSIAN_GULF,2026-10-24,15.0,1.75,-1.42,0,1.1458
ROUGH,PERSIAN_GULF,2026-10-25,17.7,1.27,-0.4,0,1.1034
ROUGH,PERSIAN_GULF,2026-10-26,22.4,1.73,0.37,0,1.1651
ROUGH,PERSIAN_GULF,2026-10-27,21.7,1.32,0.05,0,1.1217
ROUGH,PERSIAN_GULF,2026-10-28,19.1,1.79,-0.02,0,1.1606
ROUGH,PERSIAN_GULF,2026-10-29,24.1,1.58,0.56,0,1.1561
ROUGH,PERSIAN_GULF,2026-10-30,21.2,1.93,1.58,0,1.1834
ROUGH,PERSIAN_GULF,2026-10-31,21.0,2.16,-0.3,0,1.2103
ROUGH,PERSIAN_GULF,2026-11-01,10.0,1.57,0.72,0,1.116
ROUGH,PERSIAN_GULF,2026-11-02,12.2,1.49,-0.29,0,1.1117
ROUGH,PERSIAN_GULF,2026-11-03,23.0,0.93,-0.48,0,1.0913
ROUGH,PERSIAN_GULF,2026-11-04,21.9,1.4,-0.44,0,1.1297
ROUGH,PERSIAN_GULF,2026-11-05,14.9,1.66,0.65,0,1.1357
ROUGH,PERSIAN_GULF,2026-11-06,10.6,1.58,0.15,0,1.1179
ROUGH,PERSIAN_GULF,2026-11-07,18.3,1.67,1.1,0,1.145
ROUGH,PERSIAN_GULF,2026-11-08,18.0,1.09,-0.12,0,1.0883
ROUGH,PERSIAN_GULF,2026-11-09,19.2,2.09,0.34,0,1.1953
ROUGH,PERSIAN_GULF,2026-11-10,19.1,2.03,0.18,0,1.1886
ROUGH,PERSIAN_GULF,2026-11-11,18.6,1.53,-0.62,0,1.1318
ROUGH,PERSIAN_GULF,2026-11-12,17.3,1.36,0.29,0,1.1109
ROUGH,PERSIAN_GULF,2026-11-13,22.7,1.58,0.56,0,1.1499
ROUGH,RED_SEA,2026-09-15,22.2,1.07,-0.29,0,1.1004
ROUGH,RED_SEA,2026-09-16,20.8,1.5,-0.33,0,1.1356
ROUGH,RED_SEA,2026-09-17,17.0,1.63,0.33,0,1.1378
ROUGH,RED_SEA,2026-09-18,20.8,1.45,0.17,0,1.1306
ROUGH,RED_SEA,2026-09-19,21.7,1.48,-0.14,0,1.1362
ROUGH,RED_SEA,2026-09-20,15.7,1.49,-0.7,0,1.1195
ROUGH,RED_SEA,2026-09-21,11.4,0.54,-0.49,0,1.0323
ROUGH,RED_SEA,2026-09-22,20.0,0.99,-0.09,0,1.0865
ROUGH,RED_SEA,2026-09-23,22.4,1.87,-0.6,0,1.1806
ROUGH,RED_SEA,2026-09-24,27.6,1.88,-1.41,0,1.2029
ROUGH,RED_SEA,2026-09-25,19.5,1.99,0.15,0,1.1845
ROUGH,RED_SEA,2026-09-26,24.9,1.32,0.19,0,1.1328
ROUGH,RED_SEA,2026-09-27,19.2,2.33,0.03,0,1.2254
ROUGH,RED_SEA,2026-09-28,19.3,2.07,-0.12,0,1.1934
ROUGH,RED_SEA,2026-09-29,20.3,1.74,-0.26,0,1.1585
ROUGH,RED_SEA,2026-09-30,21.9,2.78,-0.41,0,1.2939
ROUGH,RED_SEA,2026-10-01,24.8,1.34,-0.53,0,1.1344
ROUGH,RED_SEA,2026-10-02,16.7,1.98,-0.67,0,1.1752
ROUGH,RED_SEA,2026-10-03,17.8,0.45,0.25,0,1.0419
ROUGH,RED_SEA,2026-10-04,22.1,1.21,0.55,0,1.1123
ROUGH,RED_SEA,2026-10-05,21.5,2.38,0.73,0,1.239
ROUGH,RED_SEA,2026-10-06,17.1,1.89,1.03,0,1.1667
ROUGH,RED_SEA,2026-10-07,20.2,1.74,0.25,0,1.1593
ROUGH,RED_SEA,2026-10-08,14.0,1.91,0.64,0,1.1605
ROUGH,RED_SEA,2026-10-09,19.9,1.92,0.05,0,1.1774
ROUGH,RED_SEA,2026-10-10,18.7,2.62,0.25,0,1.2615
ROUGH,RED_SEA,2026-10-11,14.3,1.31,0.01,0,1.0992
ROUGH,RED_SEA,2026-10-12,11.7,1.92,-0.18,0,1.1578
ROUGH,RED_SEA,2026-10-13,18.4,1.93,-0.33,0,1.1743
ROUGH,RED_SEA,2026-10-14,27.2,2.27,0.26,0,1.2475
ROUGH,RED_SEA,2026-10-15,16.6,2.51,-0.37,0,1.2406
ROUGH,RED_SEA,2026-10-16,18.9,1.95,0.2,0,1.1779
ROUGH,RED_SEA,2026-10-17,15.1,2.72,0.77,0,1.2646
ROUGH,RED_SEA,2026-10-18,15.4,1.76,-0.0,0,1.1473
ROUGH,RED_SEA,2026-10-19,19.5,1.35,-0.45,0,1.117
ROUGH,RED_SEA,2026-10-20,18.3,0.8,0.45,0,1.066
ROUGH,RED_SEA,2026-10-21,20.5,1.44,0.21,0,1.1289
ROUGH,RED_SEA,2026-10-22,18.9,0.8,0.23,0,1.0676
ROUGH,RED_SEA,2026-10-23,12.2,1.88,0.37,0,1.154
ROUGH,RED_SEA,2026-10-24,28.0,1.2,0.49,0,1.1354
ROUGH,RED_SEA,2026-10-25,18.8,1.9,-0.93,0,1.1727
ROUGH,RED_SEA,2026-10-26,22.7,3.03,-0.38,0,1.3307
ROUGH,RED_SEA,2026-10-27,14.8,2.08,-0.64,0,1.1825
ROUGH,RED_SEA,2026-10-28,19.6,3.22,-0.07,0,1.3491
ROUGH,RED_SEA,2026-10-29,19.4,2.57,-0.86,0,1.2562
ROUGH,RED_SEA,2026-10-30,21.0,1.62,0.39,0,1.1487
ROUGH,RED_SEA,2026-10-31,26.4,1.38,1.0,0,1.1451
ROUGH,RED_SEA,2026-11-01,17.7,1.65,-0.03,0,1.1416
ROUGH,RED_SEA,2026-11-02,19.4,2.21,-0.25,0,1.2111
ROUGH,RED_SEA,2026-11-03,16.2,3.12,0.61,0,1.3242
ROUGH,RED_SEA,2026-11-04,15.2,1.94,0.23,0,1.1666
ROUGH,RED_SEA,2026-11-05,22.3,1.34,0.33,0,1.1249
ROUGH,RED_SEA,2026-11-06,19.8,1.36,0.37,0,1.1189
ROUGH,RED_SEA,2026-11-07,20.6,2.83,0.06,0,1.2964
ROUGH,RED_SEA,2026-11-08,21.8,1.15,-0.28,0,1.1062
ROUGH,RED_SEA,2026-11-09,17.3,2.1,-0.17,0,1.1912
ROUGH,RED_SEA,2026-11-10,24.9,2.01,2.05,0,1.2058
ROUGH,RED_SEA,2026-11-11,15.9,2.59,-0.38,0,1.2496
ROUGH,RED_SEA,2026-11-12,22.7,1.32,0.81,0,1.1246
ROUGH,RED_SEA,2026-11-13,20.4,2.97,0.67,0,1.3148
ROUGH,MEDITERRANEAN,2026-09-15,28.8,2.0,-0.44,0,1.2222
ROUGH,MEDITERRANEAN,2026-09-16,14.8,2.83,-0.09,0,1.2799
ROUGH,MEDITERRANEAN,2026-09-17,14.8,0.96,-0.55,0,1.0694
ROUGH,MEDITERRANEAN,2026-09-18,31.8,2.08,0.74,0,1.2457
ROUGH,MEDITERRANEAN,2026-09-19,9.4,2.26,-0.55,0,1.1941
ROUGH,MEDITERRANEAN,2026-09-20,13.9,1.79,-0.53,0,1.1471
ROUGH,MEDITERRANEAN,2026-09-21,20.1,3.72,-0.04,0,1.4278
ROUGH,MEDITERRANEAN,2026-09-22,27.7,2.52,-0.08,0,1.2821
ROUGH,MEDITERRANEAN,2026-09-23,24.0,2.55,0.51,0,1.2696
ROUGH,MEDITERRANEAN,2026-09-24,13.7,2.14,0.23,0,1.1877
ROUGH,MEDITERRANEAN,2026-09-25,21.7,2.75,0.03,0,1.2888
ROUGH,MEDITERRANEAN,2026-09-26,25.2,2.82,0.48,0,1.3116
ROUGH,MEDITERRANEAN,2026-09-27,33.1,2.03,0.08,0,1.2469
ROUGH,MEDITERRANEAN,2026-09-28,16.1,3.39,-1.02,0,1.3639
ROUGH,MEDITERRANEAN,2026-09-29,20.8,2.92,0.58,0,1.3096
ROUGH,MEDITERRANEAN,2026-09-30,17.2,2.41,0.02,0,1.2291
ROUGH,MEDITERRANEAN,2026-10-01,14.2,2.89,0.23,0,1.2861
ROUGH,MEDITERRANEAN,2026-10-02,20.8,2.62,-1.06,0,1.2684
ROUGH,MEDITERRANEAN,2026-10-03,24.5,2.67,-0.95,0,1.2878
ROUGH,MEDITERRANEAN,2026-10-04,30.4,2.62,0.3,0,1.3077
ROUGH,MEDITERRANEAN,2026-10-05,24.7,2.21,0.29,0,1.229
ROUGH,MEDITERRANEAN,2026-10-06,25.7,3.14,-0.63,0,1.3594
ROUGH,MEDITERRANEAN,2026-10-07,15.3,3.26,-0.34,0,1.3426
ROUGH,MEDITERRANEAN,2026-10-08,17.5,2.4,-0.45,0,1.2294
ROUGH,MEDITERRANEAN,2026-10-09,22.8,4.45,-0.25,0,1.5577
ROUGH,MEDITERRANEAN,2026-10-10,19.4,2.43,0.05,0,1.2378
ROUGH,MEDITERRANEAN,2026-10-11,25.2,4.54,-0.74,0,1.5829
ROUGH,MEDITERRANEAN,2026-10-12,27.5,3.02,0.04,0,1.3486
ROUGH,MEDITERRANEAN,2026-10-13,29.1,2.1,-0.25,0,1.2357
ROUGH,MEDITERRANEAN,2026-10-14,20.8,2.82,0.46,0,1.2956
ROUGH,MEDITERRANEAN,2026-10-15,23.2,3.19,-0.06,0,1.3559
ROUGH,MEDITERRANEAN,2026-10-16,17.2,3.42,-0.06,0,1.3716
ROUGH,MEDITERRANEAN,2026-10-17,18.4,1.79,0.07,0,1.159
ROUGH,MEDITERRANEAN,2026-10-18,16.7,3.54,-0.77,0,1.3886
ROUGH,MEDITERRANEAN,2026-10-19,33.6,3.05,0.13,0,1.3827
ROUGH,MEDITERRANEAN,2026-10-20,21.3,1.82,0.13,0,1.1716
ROUGH,MEDITERRANEAN,2026-10-21,27.8,1.69,0.25,0,1.1832
ROUGH,MEDITERRANEAN,2026-10-22,20.7,2.07,-0.92,0,1.1974
ROUGH,MEDITERRANEAN,2026-10-23,31.6,2.11,-0.02,0,1.249
ROUGH,MEDITERRANEAN,2026-10-24,29.7,2.6,0.54,0,1.3015
ROUGH,MEDITERRANEAN,2026-10-25,21.8,1.92,0.55,0,1.1843
ROUGH,MEDITERRANEAN,2026-10-26,21.2,1.78,0.19,0,1.1664
ROUGH,MEDITERRANEAN,2026-10-27,14.0,1.26,-0.42,0,1.0939
ROUGH,MEDITERRANEAN,2026-10-28,33.4,1.92,-1.74,0,1.2354
ROUGH,MEDITERRANEAN,2026-10-29,30.0,3.57,-0.35,0,1.4434
ROUGH,MEDITERRANEAN,2026-10-30,24.4,2.67,0.67,0,1.2871
ROUGH,MEDITERRANEAN,2026-10-31,23.2,2.64,-0.71,0,1.2786
ROUGH,MEDITERRANEAN,2026-11-01,27.5,2.89,-0.17,0,1.3312
ROUGH,MEDITERRANEAN,2026-11-02,25.8,4.26,-0.77,0,1.536
ROUGH,MEDITERRANEAN,2026-11-03,12.8,2.19,-0.33,0,1.1918
ROUGH,MEDITERRANEAN,2026-11-04,29.7,2.08,0.18,0,1.2357
ROUGH,MEDITERRANEAN,2026-11-05,24.2,2.68,0.43,0,1.2884
ROUGH,MEDITERRANEAN,2026-11-06,35.2,4.96,0.39,0,1.65
ROUGH,MEDITERRANEAN,2026-11-07,16.3,2.89,0.26,0,1.291
ROUGH,MEDITERRANEAN,2026-11-08,24.3,1.5,-0.06,0,1.1481
ROUGH,MEDITERRANEAN,2026-11-09,23.9,2.4,-0.51,0,1.2497
ROUGH,MEDITERRANEAN,2026-11-10,17.0,2.75,1.05,0,1.2734
ROUGH,MEDITERRANEAN,2026-11-11,33.0,2.56,0.27,0,1.3127
ROUGH,MEDITERRANEAN,2026-11-12,20.9,2.74,-0.1,0,1.2848
ROUGH,MEDITERRANEAN,2026-11-13,25.9,3.27,-0.96,0,1.3796
ROUGH,ATLANTIC,2026-09-15,28.9,6.45,0.2,0,1.65
ROUGH,ATLANTIC,2026-09-16,19.6,5.32,1.06,0,1.65
ROUGH,ATLANTIC,2026-09-17,16.0,4.51,-0.28,0,1.5468
ROUGH,ATLANTIC,2026-09-18,30.7,4.28,1.2,0,1.5633
ROUGH,ATLANTIC,2026-09-19,24.5,4.34,-0.02,0,1.5457
ROUGH,ATLANTIC,2026-09-20,36.8,6.96,-0.06,0,1.65
ROUGH,ATLANTIC,2026-09-21,33.0,3.26,0.6,0,1.4102
ROUGH,ATLANTIC,2026-09-22,21.4,4.96,0.46,0,1.6438
ROUGH,ATLANTIC,2026-09-23,31.7,3.12,-0.22,0,1.3833
ROUGH,ATLANTIC,2026-09-24,20.7,7.05,-0.48,0,1.65
ROUGH,ATLANTIC,2026-09-25,23.3,3.96,0.09,0,1.4762
ROUGH,ATLANTIC,2026-09-26,27.3,4.24,0.28,0,1.5397
ROUGH,ATLANTIC,2026-09-27,30.0,3.31,0.52,0,1.4039
ROUGH,ATLANTIC,2026-09-28,40.6,6.29,-0.9,0,1.65
ROUGH,ATLANTIC,2026-09-29,43.8,4.44,0.1,0,1.65
ROUGH,ATLANTIC,2026-09-30,21.8,2.65,-0.57,0,1.275
ROUGH,ATLANTIC,2026-10-01,28.3,5.43,-0.73,0,1.65
ROUGH,ATLANTIC,2026-10-02,36.3,2.86,0.63,0,1.3717
ROUGH,ATLANTIC,2026-10-03,28.6,3.31,-0.12,0,1.3971
ROUGH,ATLANTIC,2026-10-04,29.8,4.86,-0.76,0,1.65
ROUGH,ATLANTIC,2026-10-05,34.1,7.47,-1.21,0,1.65
ROUGH,ATLANTIC,2026-10-06,42.7,4.95,0.03,0,1.65
ROUGH,ATLANTIC,2026-10-07,31.8,5.12,-1.33,0,1.65
ROUGH,ATLANTIC,2026-10-08,36.9,4.17,-0.21,0,1.5767
ROUGH,ATLANTIC,2026-10-09,20.0,5.11,-0.72,0,1.65
ROUGH,ATLANTIC,2026-10-10,36.3,4.23,0.67,0,1.5832
ROUGH,ATLANTIC,2026-10-11,35.8,5.8,-0.09,0,1.65
ROUGH,ATLANTIC,2026-10-12,38.1,1.2,-0.07,0,1.1888
ROUGH,ATLANTIC,2026-10-13,30.1,6.16,-0.1,0,1.65
ROUGH,ATLANTIC,2026-10-14,26.8,4.5,0.72,0,1.5828
ROUGH,ATLANTIC,2026-10-15,23.9,6.26,0.01,0,1.65
ROUGH,ATLANTIC,2026-10-16,32.2,4.76,0.79,0,1.65
ROUGH,ATLANTIC,2026-10-17,24.2,5.04,1.1,0,1.65
ROUGH,ATLANTIC,2026-10-18,31.9,4.73,0.66,0,1.6468
ROUGH,ATLANTIC,2026-10-19,27.5,6.3,0.9,0,1.65
ROUGH,ATLANTIC,2026-10-20,34.0,4.37,-0.69,0,1.5948
ROUGH,ATLANTIC,2026-10-21,34.6,3.42,0.07,0,1.4445
ROUGH,ATLANTIC,2026-10-22,25.1,6.32,0.27,0,1.65
ROUGH,ATLANTIC,2026-10-23,31.6,3.75,1.3,0,1.4795
ROUGH,ATLANTIC,2026-10-24,33.2,5.42,-0.05,0,1.65
ROUGH,ATLANTIC,2026-10-25,33.3,4.83,-0.62,0,1.65
ROUGH,ATLANTIC,2026-10-26,31.0,5.17,0.11,0,1.65
ROUGH,ATLANTIC,2026-10-27,39.5,7.63,-0.01,0,1.65
ROUGH,ATLANTIC,2026-10-28,33.5,7.45,-0.17,0,1.65
ROUGH,ATLANTIC,2026-10-29,28.4,6.32,-0.45,0,1.65
ROUGH,ATLANTIC,2026-10-30,21.1,6.11,0.58,0,1.65
ROUGH,ATLANTIC,2026-10-31,20.9,3.62,-0.38,0,1.4133
ROUGH,ATLANTIC,2026-11-01,58.3,4.93,0.28,0,1.65
ROUGH,ATLANTIC,2026-11-02,24.7,4.82,-0.37,0,1.6316
ROUGH,ATLANTIC,2026-11-03,27.3,4.69,-0.21,0,1.6174
ROUGH,ATLANTIC,2026-11-04,35.4,6.26,0.15,0,1.65
ROUGH,ATLANTIC,2026-11-05,36.8,2.42,-0.3,0,1.3148
ROUGH,ATLANTIC,2026-11-06,41.5,5.03,-1.5,0,1.65
ROUGH,ATLANTIC,2026-11-07,30.4,5.16,0.19,0,1.65
ROUGH,ATLANTIC,2026-11-08,31.0,3.94,0.35,0,1.5074
ROUGH,ATLANTIC,2026-11-09,35.4,5.05,0.85,0,1.65
ROUGH,ATLANTIC,2026-11-10,30.7,4.24,0.12,0,1.5558
ROUGH,ATLANTIC,2026-11-11,22.6,6.92,-0.16,0,1.65
ROUGH,ATLANTIC,2026-11-12,35.6,5.35,1.03,0,1.65
ROUGH,ATLANTIC,2026-11-13,27.6,6.22,-0.53,0,1.65
ROUGH,NORTH_SEA,2026-09-15,52.6,4.52,0.64,0,1.65
ROUGH,NORTH_SEA,2026-09-16,43.8,5.52,-0.42,0,1.65
ROUGH,NORTH_SEA,2026-09-17,42.1,4.73,0.13,0,1.65
ROUGH,NORTH_SEA,2026-09-18,57.7,4.9,0.02,0,1.65
ROUGH,NORTH_SEA,2026-09-19,33.2,3.69,-0.18,0,1.4779
ROUGH,NORTH_SEA,2026-09-20,33.6,4.99,0.05,0,1.65
ROUGH,NORTH_SEA,2026-09-21,33.1,5.07,0.41,0,1.65
ROUGH,NORTH_SEA,2026-09-22,33.1,4.83,-0.1,0,1.65
ROUGH,NORTH_SEA,2026-09-23,27.1,4.16,-1.8,0,1.5256
ROUGH,NORTH_SEA,2026-09-24,48.4,5.83,0.54,0,1.65
ROUGH,NORTH_SEA,2026-09-25,32.5,5.61,0.97,0,1.65
ROUGH,NORTH_SEA,2026-09-26,17.9,6.07,0.95,0,1.65
ROUGH,NORTH_SEA,2026-09-27,49.9,7.05,-0.72,0,1.65
ROUGH,NORTH_SEA,2026-09-28,36.3,5.94,-1.06,0,1.65
ROUGH,NORTH_SEA,2026-09-29,45.0,4.55,-1.01,0,1.65
ROUGH,NORTH_SEA,2026-09-30,43.8,4.91,0.53,0,1.65
ROUGH,NORTH_SEA,2026-10-01,34.3,5.0,0.88,0,1.65
ROUGH,NORTH_SEA,2026-10-02,44.4,3.73,-0.06,0,1.5534
ROUGH,NORTH_SEA,2026-10-03,43.9,5.46,-0.74,0,1.65
ROUGH,NORTH_SEA,2026-10-04,42.8,4.24,1.09,0,1.6273
ROUGH,NORTH_SEA,2026-10-05,29.2,4.84,-0.48,0,1.65
ROUGH,NORTH_SEA,2026-10-06,50.6,4.45,-0.97,0,1.65
ROUGH,NORTH_SEA,2026-10-07,28.7,5.16,0.92,0,1.65
ROUGH,NORTH_SEA,2026-10-08,42.8,3.78,0.13,0,1.5508
ROUGH,NORTH_SEA,2026-10-09,41.3,7.0,0.62,0,1.65
ROUGH,NORTH_SEA,2026-10-10,28.7,3.56,-0.88,0,1.4357
ROUGH,NORTH_SEA,2026-10-11,57.7,7.34,-0.4,0,1.65
ROUGH,NORTH_SEA,2026-10-12,47.4,5.16,-0.79,0,1.65
ROUGH,NORTH_SEA,2026-10-13,33.9,7.06,-0.84,0,1.65
ROUGH,NORTH_SEA,2026-10-14,44.5,5.68,0.35,0,1.65
ROUGH,NORTH_SEA,2026-10-15,45.4,4.94,-0.03,0,1.65
ROUGH,NORTH_SEA,2026-10-16,53.6,4.89,0.01,0,1.65
ROUGH,NORTH_SEA,2026-10-17,36.7,8.53,-0.65,0,1.65
ROUGH,NORTH_SEA,2026-10-18,49.7,4.84,0.29,0,1.65
ROUGH,NORTH_SEA,2026-10-19,54.2,4.5,-0.12,0,1.65
ROUGH,NORTH_SEA,2026-10-20,54.4,5.08,-0.63,0,1.65
ROUGH,NORTH_SEA,2026-10-21,31.2,5.29,1.2,0,1.65
ROUGH,NORTH_SEA,2026-10-22,27.8,6.3,0.47,0,1.65
ROUGH,NORTH_SEA,2026-10-23,36.5,4.41,-0.57,0,1.6167
ROUGH,NORTH_SEA,2026-10-24,63.7,6.91,1.33,0,1.65
ROUGH,NORTH_SEA,2026-10-25,45.4,5.57,-0.48,0,1.65
ROUGH,NORTH_SEA,2026-10-26,26.6,5.24,0.24,0,1.65
ROUGH,NORTH_SEA,2026-10-27,51.4,3.22,-0.1,0,1.5291
ROUGH,NORTH_SEA,2026-10-28,30.9,7.73,0.06,0,1.65
ROUGH,NORTH_SEA,2026-10-29,44.8,3.67,-0.96,0,1.5468
ROUGH,NORTH_SEA,2026-10-30,29.8,6.45,0.85,0,1.65
ROUGH,NORTH_SEA,2026-10-31,50.1,4.74,0.2,0,1.65
ROUGH,NORTH_SEA,2026-11-01,42.4,3.4,0.13,0,1.4885
ROUGH,NORTH_SEA,2026-11-02,42.5,7.67,0.13,0,1.65
ROUGH,NORTH_SEA,2026-11-03,23.5,5.21,-0.06,0,1.65
ROUGH,NORTH_SEA,2026-11-04,36.1,5.75,0.78,0,1.65
ROUGH,NORTH_SEA,2026-11-05,39.1,5.9,0.12,0,1.65
ROUGH,NORTH_SEA,2026-11-06,41.9,3.4,-0.23,0,1.4851
ROUGH,NORTH_SEA,2026-11-07,41.5,8.08,-0.12,0,1.65
ROUGH,NORTH_SEA,2026-11-08,33.4,6.25,0.12,0,1.65
ROUGH,NORTH_SEA,2026-11-09,36.0,5.37,-0.51,0,1.65
ROUGH,NORTH_SEA,2026-11-10,40.6,4.2,-0.28,0,1.6058
ROUGH,NORTH_SEA,2026-11-11,46.8,5.78,-0.72,0,1.65
ROUGH,NORTH_SEA,2026-11-12,20.6,6.17,0.72,0,1.65
ROUGH,NORTH_SEA,2026-11-13,43.1,5.23,-0.75,0,1.65
ROUGH,SOUTH_CHINA_SEA,2026-09-15,22.6,3.73,1.01,0,1.4365
ROUGH,SOUTH_CHINA_SEA,2026-09-16,22.5,2.97,-1.36,0,1.3216
ROUGH,SOUTH_CHINA_SEA,2026-09-17,23.7,3.1,0.3,0,1.3447
ROUGH,SOUTH_CHINA_SEA,2026-09-18,25.1,2.03,-0.3,0,1.2095
ROUGH,SOUTH_CHINA_SEA,2026-09-19,25.2,2.6,0.48,0,1.2814
ROUGH,SOUTH_CHINA_SEA,2026-09-20,14.6,3.66,-0.33,0,1.4025
ROUGH,SOUTH_CHINA_SEA,2026-09-21,14.7,2.8,-0.39,0,1.2754
ROUGH,SOUTH_CHINA_SEA,2026-09-22,23.1,3.55,0.98,0,1.4108
ROUGH,SOUTH_CHINA_SEA,2026-09-23,29.3,2.99,-0.35,0,1.3523
ROUGH,SOUTH_CHINA_SEA,2026-09-24,19.6,3.32,-0.15,0,1.3639
ROUGH,SOUTH_CHINA_SEA,2026-09-25,23.3,4.7,0.07,0,1.6046
ROUGH,SOUTH_CHINA_SEA,2026-09-26,15.8,0.95,-0.28,0,1.0706
ROUGH,SOUTH_CHINA_SEA,2026-09-27,21.4,2.14,-0.81,0,1.2091
ROUGH,SOUTH_CHINA_SEA,2026-09-28,33.7,5.75,0.55,1,1.65
ROUGH,SOUTH_CHINA_SEA,2026-09-29,25.6,3.05,0.23,0,1.3454
ROUGH,SOUTH_CHINA_SEA,2026-09-30,23.9,1.84,-1.0,0,1.1831
ROUGH,SOUTH_CHINA_SEA,2026-10-01,30.6,4.06,0.56,0,1.524
ROUGH,SOUTH_CHINA_SEA,2026-10-02,19.6,1.75,0.33,0,1.1578
ROUGH,SOUTH_CHINA_SEA,2026-10-03,19.6,2.98,0.28,0,1.3139
ROUGH,SOUTH_CHINA_SEA,2026-10-04,26.1,3.37,0.74,0,1.3945
ROUGH,SOUTH_CHINA_SEA,2026-10-05,22.4,2.5,-0.08,0,1.2571
ROUGH,SOUTH_CHINA_SEA,2026-10-06,17.6,1.65,1.22,0,1.1417
ROUGH,SOUTH_CHINA_SEA,2026-10-07,18.6,2.31,-0.05,0,1.2207
ROUGH,SOUTH_CHINA_SEA,2026-10-08,25.1,3.59,0.73,0,1.4249
ROUGH,SOUTH_CHINA_SEA,2026-10-09,31.3,2.14,0.47,0,1.2499
ROUGH,SOUTH_CHINA_SEA,2026-10-10,17.5,4.96,-0.27,0,1.6318
ROUGH,SOUTH_CHINA_SEA,2026-10-11,25.6,3.01,-0.04,0,1.3396
ROUGH,SOUTH_CHINA_SEA,2026-10-12,20.4,3.63,0.16,0,1.4139
ROUGH,SOUTH_CHINA_SEA,2026-10-13,30.6,2.47,-0.79,0,1.2881
ROUGH,SOUTH_CHINA_SEA,2026-10-14,19.2,3.4,0.27,0,1.3738
ROUGH,SOUTH_CHINA_SEA,2026-10-15,19.8,2.54,0.86,0,1.2546
ROUGH,SOUTH_CHINA_SEA,2026-10-16,23.2,3.52,-0.43,0,1.4056
ROUGH,SOUTH_CHINA_SEA,2026-10-17,16.2,4.82,-0.4,0,1.6028
ROUGH,SOUTH_CHINA_SEA,2026-10-18,21.3,4.73,-0.73,0,1.6015
ROUGH,SOUTH_CHINA_SEA,2026-10-19,23.9,4.43,0.75,0,1.5583
ROUGH,SOUTH_CHINA_SEA,2026-10-20,30.5,1.99,0.44,0,1.2289
ROUGH,SOUTH_CHINA_SEA,2026-10-21,26.1,2.31,-0.12,0,1.2482
ROUGH,SOUTH_CHINA_SEA,2026-10-22,22.0,3.84,-0.22,0,1.4531
ROUGH,SOUTH_CHINA_SEA,2026-10-23,24.1,3.96,-0.51,0,1.4805
ROUGH,SOUTH_CHINA_SEA,2026-10-24,29.0,2.81,0.58,0,1.3267
ROUGH,SOUTH_CHINA_SEA,2026-10-25,18.3,3.02,-0.13,0,1.3153
ROUGH,SOUTH_CHINA_SEA,2026-10-26,35.8,6.03,-0.4,1,1.65
ROUGH,SOUTH_CHINA_SEA,2026-10-27,26.4,3.64,0.93,0,1.4373
ROUGH,SOUTH_CHINA_SEA,2026-10-28,13.2,3.72,-0.5,0,1.4084
ROUGH,SOUTH_CHINA_SEA,2026-10-29,26.7,3.14,1.04,0,1.3634
ROUGH,SOUTH_CHINA_SEA,2026-10-30,32.2,1.53,-0.3,0,1.1864
ROUGH,SOUTH_CHINA_SEA,2026-10-31,37.5,2.91,0.07,0,1.3855
ROUGH,SOUTH_CHINA_SEA,2026-11-01,28.2,3.23,-0.32,0,1.3822
ROUGH,SOUTH_CHINA_SEA,2026-11-02,25.3,2.2,-0.61,0,1.2311
ROUGH,SOUTH_CHINA_SEA,2026-11-03,31.7,3.18,0.6,0,1.3927
ROUGH,SOUTH_CHINA_SEA,2026-11-04,52.3,6.62,-0.1,1,1.65
ROUGH,SOUTH_CHINA_SEA,2026-11-05,27.0,2.06,-0.56,0,1.2211
ROUGH,SOUTH_CHINA_SEA,2026-11-06,12.9,3.0,-0.19,0,1.2994
ROUGH,SOUTH_CHINA_SEA,2026-11-07,18.5,1.92,0.64,0,1.1732
ROUGH,SOUTH_CHINA_SEA,2026-11-08,39.2,7.18,0.06,1,1.65
ROUGH,SOUTH_CHINA_SEA,2026-11-09,19.9,4.07,0.26,0,1.4836
ROUGH,SOUTH_CHINA_SEA,2026-11-10,22.7,3.39,-0.07,0,1.3851
ROUGH,SOUTH_CHINA_SEA,2026-11-11,23.4,3.38,-0.97,0,1.3862
ROUGH,SOUTH_CHINA_SEA,2026-11-12,15.3,2.82,0.18,0,1.2795
ROUGH,SOUTH_CHINA_SEA,2026-11-13,35.0,2.86,0.74,0,1.3638
